конкурент,домен,тип_источника,n_запросов,n_hits
AMBREE Professional,altaitmag.ru,перекуп,1,1
AMBREE Professional,letu.ru,перекуп,1,1
AMBREE Professional,market.yandex.ru,маркетплейс,1,1
AMBREE Professional,ozon.ru,маркетплейс,1,2
AMBREE Professional,wildberries.ru,маркетплейс,1,1
AMT LIFE,apteka.ru,перекуп,1,1
AMT LIFE,comfer.ru,перекуп,1,1
AMT LIFE,market.yandex.ru,маркетплейс,1,1
AMT LIFE,www.ozon.ru,маркетплейс,1,1
AQUA FORCE,axioneprofessional.ru,сайт бренда,1,1
AQUA FORCE,market.yandex.ru,маркетплейс,1,1
AQUA FORCE,ozon.ru,маркетплейс,1,2
AQUA FORCE,vkusvill.ru,маркетплейс,1,1
AQUA FORCE,wildberries.ru,маркетплейс,1,1
ARAVIA,kp.ru,обзор,3,3
ARAVIA,lady.mail.ru,обзор,2,2
ARAVIA,vc.ru,обзор,2,2
ARAVIA,ozon.ru,маркетплейс,1,1
ARAVIA Professional,goldapple.ru,перекуп,2,2
ARAVIA Professional,ozon.ru,маркетплейс,2,2
ARAVIA Professional,wildberries.ru,маркетплейс,2,2
ARAVIA Professional,apteka.ru,перекуп,1,1
ARAVIA Professional,letu.ru,перекуп,1,1
ARAVIA Professional,market.yandex.ru,маркетплейс,1,1
ARAVIA Professional,poryadok.ru,перекуп,1,1
AXE ANTI HANGOVER,axioneprofessional.ru,сайт бренда,1,1
AXE ANTI HANGOVER,market.yandex.ru,маркетплейс,1,1
AXE ANTI HANGOVER,ozon.ru,маркетплейс,1,2
AXE ANTI HANGOVER,vkusvill.ru,маркетплейс,1,1
AXE ANTI HANGOVER,wildberries.ru,маркетплейс,1,1
Abena,comfer.ru,перекуп,1,1
Abena,market.yandex.ru,маркетплейс,1,1
Abena,ozon.ru,маркетплейс,1,1
Acleon,megapteka.ru,перекуп,1,1
Acleon,tehnobzor.ru,обзор,1,1
Acleon,www.kp.ru,обзор,1,1
Alerana,bestproducts.mail.ru,обзор,1,1
Alerana,kp.ru,обзор,1,1
Alerana,lady.mail.ru,обзор,1,1
Alerana,ozon.ru,маркетплейс,1,1
Alloves,irecommend.ru,форум,1,1
Alloves,megamarket.ru,маркетплейс,1,1
Alloves,otzovik.com,форум,1,1
Ama Mama,irecommend.ru,форум,1,1
Ama Mama,otzovik.com,форум,1,1
Ama Mama,www.ozon.ru,маркетплейс,1,1
AxiOne,axioneprofessional.ru,сайт бренда,1,1
AxiOne,market.yandex.ru,маркетплейс,1,1
AxiOne,ozon.ru,маркетплейс,1,2
AxiOne,vkusvill.ru,маркетплейс,1,1
AxiOne,wildberries.ru,маркетплейс,1,1
B.Well,caseguru.ru,обзор,1,1
B.Well,dns-shop.ru,маркетплейс,1,1
B.Well,dtf.ru,обзор,1,1
B.Well,dzen.ru,обзор,1,1
B.Well,health.mail.ru,обзор,1,1
B.Well,health.mail.ru,экспертный ресурс,1,1
B.Well,ozon.ru,маркетплейс,1,1
B.Well,tehnobzor.ru,обзор,1,1
BAZE,altaitmag.ru,перекуп,1,1
BAZE,letu.ru,перекуп,1,1
BAZE,market.yandex.ru,маркетплейс,1,1
BAZE,ozon.ru,маркетплейс,1,2
BAZE,wildberries.ru,маркетплейс,1,1
BRAND FOR MY SON,deti.mail.ru,обзор,1,1
BRAND FOR MY SON,www.huggies.uz,сайт бренда,1,1
BYPHASSE,lady.mail.ru,обзор,3,3
BYPHASSE,letu.ru,обзор,3,3
BYPHASSE,dzen.ru,обзор,1,1
BYPHASSE,kp.ru,обзор,1,1
BYPHASSE,nbcnews.com,обзор,1,1
BYPHASSE,stolichki.ru,обзор,1,1
BYPHASSE,stolichki.ru,перекуп,1,1
BYPHASSE,tekhnik.top,обзор,1,1
BYPHASSE,vc.ru,обзор,1,1
BYPHASSE,www.nbcnews.com,обзор,1,1
Baby Go,detmir.ru,маркетплейс,1,1
Baby Go,irecommend.ru,форум,1,1
Baby Go,otzovik.com,форум,1,1
Bella Baby happy,kp.ru,обзор,1,1
Bella Baby happy,markakachestva.ru,обзор,1,1
Bella Baby happy,vc.ru,обзор,1,1
Biofollica,biofollica.ru,сайт бренда,1,1
Biofollica,letu.ru,перекуп,1,1
Biofollica,market.yandex.ru,маркетплейс,1,1
Biofollica,ozon.ru,маркетплейс,1,1
Biofollica,wildberries.ru,маркетплейс,1,1
Blonde,altaitmag.ru,перекуп,1,1
Blonde,letu.ru,перекуп,1,1
Blonde,market.yandex.ru,маркетплейс,1,1
Blonde,ozon.ru,маркетплейс,1,2
Blonde,wildberries.ru,маркетплейс,1,1
Booby Blue,apteka.ru,перекуп,1,1
Booby Blue,goldapple.ru,перекуп,1,1
Booby Blue,ozon.ru,маркетплейс,1,1
Booby Blue,poryadok.ru,перекуп,1,1
Booby Blue,wildberries.ru,маркетплейс,1,1
Bopakids,doctorslon.ru,перекуп,1,1
Bopakids,market.yandex.ru,маркетплейс,1,1
Bopakids,wildberries.ru,маркетплейс,1,1
CHI,kp.ru,обзор,1,1
CHI,lady.mail.ru,обзор,1,1
CHI,ozon.ru,маркетплейс,1,1
COLLISTAR,dzen.ru,обзор,1,1
COLLISTAR,lady.mail.ru,обзор,1,1
COLLISTAR,letu.ru,обзор,1,1
COLLISTAR,stolichki.ru,перекуп,1,1
COLLISTAR,tekhnik.top,обзор,1,1
CONSTANT DELIGHT,altaitmag.ru,перекуп,1,1
CONSTANT DELIGHT,letu.ru,перекуп,1,1
CONSTANT DELIGHT,market.yandex.ru,маркетплейс,1,1
CONSTANT DELIGHT,ozon.ru,маркетплейс,1,2
CONSTANT DELIGHT,wildberries.ru,маркетплейс,1,1
COSLYS,byrdie.com,обзор,1,1
COSLYS,kp.ru,обзор,1,1
COSLYS,lady.mail.ru,обзор,1,1
COSLYS,megapteka.ru,перекуп,1,1
CS Medica,health.mail.ru,обзор,1,1
CS Medica,ozon.ru,маркетплейс,1,1
CS Medica,tehnobzor.ru,обзор,1,1
Chandi,apteka.ru,перекуп,1,1
Chandi,goldapple.ru,маркетплейс,1,1
Chandi,irecommend.ru,форум,1,1
Clear,vc.ru,обзор,3,3
Clear,health.mail.ru,экспертный ресурс,2,2
Clear,ihc-russia.ru,экспертный ресурс,1,1
Clear,lamoda.ru,обзор,1,1
Clear,stolichki.ru,обзор,1,1
Clear,stolichki.ru,перекуп,1,1
Clear,uteka.ru,экспертный ресурс,1,1
Colgate,health.mail.ru,обзор,2,2
Colgate,rigla.ru,перекуп,2,2
Colgate,apteka.ru,перекуп,1,1
Colgate,dentistpro.ru,экспертный ресурс,1,1
Colgate,dtf.ru,обзор,1,1
Colgate,goldapple.ru,перекуп,1,1
Colgate,gorzdrav.org,перекуп,1,1
Colgate,kp.ru,обзор,1,1
Colgate,market.yandex.ru,маркетплейс,1,1
Colgate,megapteka.ru,перекуп,1,1
Colgate,mila.by,перекуп,1,1
Colgate,ozon.by,маркетплейс,1,1
Colgate,podrygka.ru,перекуп,1,1
Colgate,stolichki.ru,перекуп,1,1
Colgate,tomas.by,маркетплейс,1,1
Colgate,uteka.ru,перекуп,1,1
Colgate,vc.ru,обзор,1,1
Colgate,zdravcity.ru,обзор,1,1
Concept,goldapple.ru,маркетплейс,1,1
Concept,market.yandex.ru,маркетплейс,1,1
Concept,ozon.ru,маркетплейс,1,1
Concept,rivegauche.ru,маркетплейс,1,1
Concept,wildberries.ru,маркетплейс,1,1
Crystal Chamomile & Green Tea,byrdie.com,обзор,1,1
Crystal Chamomile & Green Tea,kp.ru,обзор,1,1
Crystal Chamomile & Green Tea,lady.mail.ru,обзор,1,1
Crystal Chamomile & Green Tea,megapteka.ru,перекуп,1,1
Cutrin,kp.ru,обзор,1,1
Cutrin,lady.mail.ru,обзор,1,1
Cutrin,ozon.ru,маркетплейс,1,1
DEXCLUSIVE Men,market.yandex.ru,маркетплейс,1,2
DEXCLUSIVE Men,ozon.ru,маркетплейс,1,2
DEXCLUSIVE Men,reviews.yandex.ru,маркетплейс,1,1
DREAM NATURE,letu.ru,маркетплейс,1,1
DREAM NATURE,market.yandex.ru,маркетплейс,1,2
DREAM NATURE,ozon.ru,маркетплейс,1,1
DREAM NATURE,wildberries.ru,маркетплейс,1,2
DSD de Luxe,kp.ru,обзор,1,1
DSD de Luxe,vc.ru,обзор,1,1
Dailee,apteka.ru,перекуп,1,1
Dailee,comfer.ru,перекуп,1,1
Dailee,market.yandex.ru,маркетплейс,1,1
Dailee,www.ozon.ru,маркетплейс,1,1
Deonica for men,axioneprofessional.ru,сайт бренда,1,1
Deonica for men,market.yandex.ru,маркетплейс,1,1
Deonica for men,ozon.ru,маркетплейс,1,2
Deonica for men,vkusvill.ru,маркетплейс,1,1
Deonica for men,wildberries.ru,маркетплейс,1,1
Dercos (Vichy),ihc-russia.ru,экспертный ресурс,1,1
Dercos (Vichy),lamoda.ru,обзор,1,1
Dercos (Vichy),stolichki.ru,обзор,1,1
Dove,lady.mail.ru,обзор,4,4
Dove,market.yandex.ru,маркетплейс,3,3
Dove,ozon.ru,маркетплейс,3,3
Dove,kp.ru,обзор,2,2
Dove,randewoo.ru,перекуп,2,2
Dove,wildberries.ru,маркетплейс,2,2
Dove,5ka.ru,перекуп,1,1
Dove,eapteka.ru,перекуп,1,1
Dove,fitomarket.ru,перекуп,1,1
Dove,letu.ru,обзор,1,1
Dove,letu.ru,перекуп,1,1
Dove,nbcnews.com,обзор,1,1
Dove,perekrestok.ru,перекуп,1,1
Dove,proficosmetics.ru,перекуп,1,1
Dove,rivegauche.ru,перекуп,1,1
Dove,stolichki.ru,обзор,1,1
Dove,tekhnik.top,обзор,1,1
Dove,www.kp.ru,обзор,1,1
EO Laboratorie,dzen.ru,обзор,1,1
EO Laboratorie,lady.mail.ru,обзор,1,1
EO Laboratorie,letu.ru,обзор,1,1
EO Laboratorie,stolichki.ru,перекуп,1,1
EO Laboratorie,tekhnik.top,обзор,1,1
ESTEL,market.yandex.ru,маркетплейс,6,6
ESTEL,ozon.ru,маркетплейс,6,6
ESTEL,wildberries.ru,маркетплейс,3,3
ESTEL,goldapple.ru,перекуп,2,2
ESTEL,5ka.ru,перекуп,1,1
ESTEL,angelprof.ru,сайт бренда,1,1
ESTEL,beloris.ru,перекуп,1,1
ESTEL,detmir.ru,маркетплейс,1,1
ESTEL,eapteka.ru,перекуп,1,1
ESTEL,goldapple.ru,маркетплейс,1,1
ESTEL,irecommend.ru,форум,1,1
ESTEL,kapous.ru,обзор,1,1
ESTEL,kapous.ru,сайт бренда,1,1
ESTEL,lady.mail.ru,обзор,1,1
ESTEL,megamarket.ru,маркетплейс,1,1
ESTEL,perekrestok.ru,перекуп,1,1
ESTEL,proficosmetics.ru,перекуп,1,1
ESTEL,randewoo.ru,перекуп,1,1
ESTEL,rivegauche.ru,маркетплейс,1,1
ESTEL,rivegauche.ru,перекуп,1,1
Ecolatier,market.yandex.ru,маркетплейс,2,2
Ecolatier,ozon.ru,маркетплейс,2,3
Ecolatier,wildberries.ru,маркетплейс,2,2
Ecolatier,axioneprofessional.ru,сайт бренда,1,1
Ecolatier,lady.mail.ru,обзор,1,1
Ecolatier,lavka.yandex.ru,маркетплейс,1,1
Ecolatier,rivegauche.ru,обзор,1,1
Ecolatier,vkusvill.ru,маркетплейс,1,1
Elmex,market.yandex.ru,маркетплейс,3,3
Elmex,health.mail.ru,обзор,2,2
Elmex,kp.ru,обзор,2,2
Elmex,ozon.ru,маркетплейс,2,2
Elmex,stolichki.ru,перекуп,2,2
Elmex,dentistpro.ru,экспертный ресурс,1,1
Elmex,doctorslon.ru,перекуп,1,1
Elmex,dtf.ru,обзор,1,1
Elmex,goldapple.ru,обзор,1,1
Elmex,gorzdrav.org,перекуп,1,1
Elmex,irecommend.ru,форум,1,1
Elmex,mila.by,перекуп,1,1
Elmex,ozon.by,маркетплейс,1,1
Elmex,podrygka.ru,перекуп,1,1
Elmex,rigla.ru,перекуп,1,1
Elmex,stolichki.ru,обзор,1,1
Elmex,stommarket.ru,перекуп,1,1
Elmex,tomas.by,маркетплейс,1,1
Elmex,uteka.ru,экспертный ресурс,1,1
Elmex,zdravcity.ru,обзор,1,1
Estel,altaitmag.ru,перекуп,1,1
Estel,bestproducts.mail.ru,обзор,1,1
Estel,letu.ru,перекуп,1,1
Estel,market.yandex.ru,маркетплейс,1,1
Estel,ozon.ru,маркетплейс,1,2
Estel,wildberries.ru,маркетплейс,1,1
Exxe,letu.ru,маркетплейс,1,1
Exxe,market.yandex.ru,маркетплейс,1,2
Exxe,ozon.ru,маркетплейс,1,1
Exxe,wildberries.ru,маркетплейс,1,2
GEZON,doctorslon.ru,экспертный ресурс,1,1
GEZON,dtf.ru,обзор,1,1
GEZON,vc.ru,обзор,1,1
Garnier Fructis,apteka.ru,перекуп,1,1
Garnier Fructis,goldapple.ru,перекуп,1,1
Garnier Fructis,ozon.ru,маркетплейс,1,1
Garnier Fructis,poryadok.ru,перекуп,1,1
Garnier Fructis,wildberries.ru,маркетплейс,1,1
Goo.N,kp.ru,обзор,1,1
Goo.N,markakachestva.ru,обзор,1,1
Goo.N,vc.ru,обзор,1,1
Grass,ozon.ru,маркетплейс,2,2
Grass,wildberries.ru,маркетплейс,2,2
Grass,apteka.ru,перекуп,1,1
Grass,helas.ru,перекуп,1,1
Grass,market.yandex.ru,маркетплейс,1,1
Grass,poryadok.ru,перекуп,1,1
HAIR LOGIC,altaitmag.ru,перекуп,1,1
HAIR LOGIC,letu.ru,перекуп,1,1
HAIR LOGIC,market.yandex.ru,маркетплейс,1,1
HAIR LOGIC,ozon.ru,маркетплейс,1,2
HAIR LOGIC,wildberries.ru,маркетплейс,1,1
HAPPY HAIR Professional,dzen.ru,обзор,1,1
HAPPY HAIR Professional,kp.ru,обзор,1,1
HAPPY HAIR Professional,lady.mail.ru,обзор,1,1
HAPPY HAIR Professional,randewoo.ru,обзор,1,1
Hair Company Professional,market.yandex.ru,маркетплейс,1,1
Hair Company Professional,ozon.ru,маркетплейс,1,1
Hair Company Professional,rivegauche.ru,перекуп,1,1
HanaMaru,babyblog.ru,форум,1,1
HanaMaru,forum.baby.ru,форум,1,1
HanaMaru,vc.ru,обзор,1,1
Hartmann,comfer.ru,перекуп,1,1
Hartmann,market.yandex.ru,маркетплейс,1,1
Hartmann,ozon.ru,маркетплейс,1,1
Helen Harper,ozon.ru,маркетплейс,3,3
Helen Harper,wildberries.ru,маркетплейс,3,3
Helen Harper,market.yandex.ru,маркетплейс,2,2
Helen Harper,akusherstvo.ru,экспертный ресурс,1,1
Helen Harper,babyblog.ru,обзор,1,1
Helen Harper,detmir.ru,маркетплейс,1,1
Helen Harper,dtf.ru,обзор,1,1
Helen Harper,dzen.ru,обзор,1,1
Helen Harper,otvet.mail.ru,форум,1,1
Helen Harper,uteka.ru,перекуп,1,1
Helen Harper,zdravcity.ru,перекуп,1,1
Hiya,kp.ru,обзор,1,1
Hiya,markakachestva.ru,обзор,1,1
Hiya,vc.ru,обзор,1,1
Huggies,deti.mail.ru,обзор,21,22
Huggies,vc.ru,обзор,19,19
Huggies,ozon.ru,маркетплейс,17,19
Huggies,market.yandex.ru,маркетплейс,15,16
Huggies,detmir.ru,маркетплейс,8,8
Huggies,dtf.ru,обзор,8,8
Huggies,wildberries.ru,маркетплейс,8,9
Huggies,pikabu.ru,обзор,7,7
Huggies,huggies.ru,сайт бренда,5,5
Huggies,kp.ru,обзор,5,6
Huggies,pikabu.ru,форум,5,5
Huggies,t-j.ru,обзор,5,5
Huggies,apteka.ru,перекуп,3,3
Huggies,bestproducts.mail.ru,обзор,3,3
Huggies,dzen.ru,обзор,3,4
Huggies,megamarket.ru,маркетплейс,3,4
Huggies,tekhnik.top,обзор,3,3
Huggies,tenchat.ru,обзор,3,3
Huggies,babyblog.ru,обзор,2,2
Huggies,babyblog.ru,форум,2,3
Huggies,edadeal.ru,обзор,2,2
Huggies,irecommend.ru,форум,2,2
Huggies,kmmedcenter.com,экспертный ресурс,2,2
Huggies,markakachestva.ru,обзор,2,2
Huggies,medaboutme.ru,экспертный ресурс,2,2
Huggies,momlovesbest.com,обзор,2,2
Huggies,akusherstvo.ru,экспертный ресурс,1,1
Huggies,aptekiplus.ru,перекуп,1,1
Huggies,auchan.ru,маркетплейс,1,1
Huggies,baby.ru,обзор,1,1
Huggies,c9m.ru,экспертный ресурс,1,1
Huggies,forum.baby.ru,форум,1,1
Huggies,goldapple.ru,маркетплейс,1,1
Huggies,gorzdrav.org,перекуп,1,1
Huggies,health.mail.ru,обзор,1,1
Huggies,huggies.az,сайт бренда,1,1
Huggies,huggies.kg,сайт бренда,1,1
Huggies,lavka.yandex.ru,маркетплейс,1,1
Huggies,lenta.com,перекуп,1,1
Huggies,markakakachestva.ru,обзор,1,1
Huggies,megapteka.ru,перекуп,1,1
Huggies,mk.ru,обзор,1,1
Huggies,nappyclub.ru,перекуп,1,1
Huggies,nappyclub.ru,сайт бренда,1,1
Huggies,ok.ru,форум,1,1
Huggies,online.metro-cc.ru,перекуп,1,1
Huggies,onlinetrade.ru,перекуп,1,1
Huggies,otvet.mail.ru,форум,1,1
Huggies,otzovik.com,форум,1,1
Huggies,planetazdorovo.ru,перекуп,1,1
Huggies,promo.habr.com,обзор,1,1
Huggies,promokod.pikabu.ru,перекуп,1,1
Huggies,promokodi.net,перекуп,1,1
Huggies,promokodus.com,перекуп,1,1
Huggies,reviews.yandex.ru,форум,1,1
Huggies,sima-land.ru,перекуп,1,1
Huggies,tanoshi-club.com,обзор,1,1
Huggies,uteka.ru,перекуп,1,1
Huggies,vk.com,обзор,1,1
Huggies,vk.com,форум,1,1
Huggies,votonia.ru,перекуп,1,1
Huggies,www.huggies.uz,сайт бренда,1,1
Huggies,www.rbc.ru,обзор,1,1
Huggies,zdravcity.ru,перекуп,1,1
IRIDAPRO CLEAN,apteka.ru,перекуп,1,1
IRIDAPRO CLEAN,goldapple.ru,перекуп,1,1
IRIDAPRO CLEAN,ozon.ru,маркетплейс,1,1
IRIDAPRO CLEAN,poryadok.ru,перекуп,1,1
IRIDAPRO CLEAN,wildberries.ru,маркетплейс,1,1
Ichthyonella,dtf.ru,обзор,1,1
Ichthyonella,irecommend.ru,форум,1,1
Ichthyonella,kp.ru,обзор,1,1
Ichthyonella,ozon.ru,маркетплейс,1,1
Ichthyonella,wildberries.ru,маркетплейс,1,1
Insight Professional,apteka.ru,перекуп,1,1
Insight Professional,goldapple.ru,маркетплейс,1,1
Insight Professional,irecommend.ru,форум,1,1
JOONIES,vc.ru,обзор,3,3
JOONIES,tekhnik.top,обзор,2,2
JOONIES,tenchat.ru,обзор,2,2
JOONIES,babyblog.ru,форум,1,1
JOONIES,forum.baby.ru,форум,1,1
JUST HAIR,goldapple.ru,перекуп,1,1
JUST HAIR,letu.ru,перекуп,1,1
JUST HAIR,market.yandex.ru,маркетплейс,1,1
JUST HAIR,ozon.ru,маркетплейс,1,1
JUST HAIR,wildberries.ru,маркетплейс,1,1
Joonies,deti.mail.ru,обзор,10,12
Joonies,vc.ru,обзор,10,11
Joonies,t-j.ru,обзор,9,11
Joonies,pikabu.ru,обзор,4,5
Joonies,pikabu.ru,форум,4,5
Joonies,dtf.ru,обзор,3,4
Joonies,kp.ru,обзор,3,4
Joonies,market.yandex.ru,маркетплейс,3,3
Joonies,ozon.ru,маркетплейс,2,2
Joonies,www.rbc.ru,обзор,2,2
Joonies,babyblog.ru,форум,1,1
Joonies,bestproducts.mail.ru,обзор,1,1
Joonies,detmir.ru,маркетплейс,1,1
Joonies,edadeal.ru,обзор,1,1
Joonies,health.mail.ru,обзор,1,1
Joonies,huggies.ru,сайт бренда,1,1
Joonies,irecommend.ru,форум,1,1
Joonies,joonies.ru,сайт бренда,1,1
Joonies,megapteka.ru,перекуп,1,2
Joonies,planetazdorovo.ru,перекуп,1,1
Joonies,vsekroham.ru,перекуп,1,1
Joonies,wildberries.ru,маркетплейс,1,1
Junion Care,deti.mail.ru,обзор,1,1
Junion Care,pikabu.ru,форум,1,1
Junion Care,t-j.ru,обзор,1,1
KANS,apteka.ru,перекуп,1,1
KANS,goldapple.ru,маркетплейс,1,1
KANS,irecommend.ru,форум,1,1
KIDDO,apteka.ru,перекуп,1,1
KIDDO,comfer.ru,перекуп,1,1
KIDDO,market.yandex.ru,маркетплейс,1,1
KIDDO,www.ozon.ru,маркетплейс,1,1
KIOSHI,babyblog.ru,форум,1,1
KIOSHI,forum.baby.ru,форум,1,1
KIOSHI,goldapple.ru,маркетплейс,1,1
KIOSHI,market.yandex.ru,маркетплейс,1,1
KIOSHI,ozon.ru,маркетплейс,1,1
KIOSHI,vc.ru,обзор,1,1
KIOSHI,wildberries.ru,маркетплейс,1,1
KLEONA,kleona.com,сайт бренда,1,1
KLEONA,letu.ru,перекуп,1,1
KLEONA,market.yandex.ru,маркетплейс,1,1
KLEONA,uteka.ru,перекуп,1,1
Kaaral,kp.ru,обзор,1,1
Kaaral,vc.ru,обзор,1,1
Kapous,market.yandex.ru,маркетплейс,2,3
Kapous,ozon.ru,маркетплейс,2,4
Kapous,altaitmag.ru,перекуп,1,1
Kapous,letu.ru,перекуп,1,1
Kapous,reviews.yandex.ru,маркетплейс,1,1
Kapous,wildberries.ru,маркетплейс,1,1
Kerastase,dtf.ru,обзор,1,1
Kerastase,kp.ru,обзор,1,1
Kerastase,lady.mail.ru,обзор,1,1
Kerasys,dtf.ru,обзор,1,1
Kerasys,irecommend.ru,форум,1,1
Kerasys,kp.ru,обзор,1,1
Kerasys,ozon.ru,маркетплейс,1,1
Kerasys,wildberries.ru,маркетплейс,1,1
Kiddy,bestproducts.mail.ru,обзор,2,2
Kiddy,deti.mail.ru,обзор,2,2
Kiddy,vc.ru,обзор,1,1
Kleona,apteka.ru,перекуп,1,1
Kleona,goldapple.ru,маркетплейс,1,1
Kleona,irecommend.ru,форум,1,1
L'Occitane,lady.mail.ru,обзор,2,2
L'Occitane,lavka.yandex.ru,маркетплейс,1,1
L'Occitane,market.yandex.ru,маркетплейс,1,1
L'Occitane,ozon.ru,маркетплейс,1,1
L'Occitane,rivegauche.ru,обзор,1,1
L'Occitane,wildberries.ru,маркетплейс,1,1
L'Occitane Homme,market.yandex.ru,маркетплейс,1,1
L'Occitane Homme,ozon.ru,маркетплейс,1,1
L'Occitane Homme,parfum-lider.ru,перекуп,1,1
L'Occitane Homme,rivegauche.ru,перекуп,1,1
L'Occitane Homme,wildberries.ru,маркетплейс,1,1
L'Oreal,lady.mail.ru,обзор,6,6
L'Oreal,market.yandex.ru,маркетплейс,4,4
L'Oreal,kp.ru,обзор,3,3
L'Oreal,dtf.ru,обзор,2,2
L'Oreal,ozon.ru,маркетплейс,2,2
L'Oreal,akrasoty.ru,обзор,1,1
L'Oreal,angelprof.ru,сайт бренда,1,1
L'Oreal,dzen.ru,обзор,1,1
L'Oreal,kapous.ru,обзор,1,1
L'Oreal,letu.ru,обзор,1,1
L'Oreal,letu.ru,перекуп,1,2
L'Oreal,media.halvacard.ru,обзор,1,1
L'Oreal,vc.ru,обзор,1,1
L'Oreal,wildberries.ru,маркетплейс,1,1
LACALUT,health.mail.ru,обзор,2,2
LACALUT,24stoma.ru,экспертный ресурс,1,1
LACALUT,dentistpro.ru,экспертный ресурс,1,1
LACALUT,dtf.ru,обзор,1,1
LACALUT,kp.ru,обзор,1,1
LACALUT,zdravcity.ru,обзор,1,1
LADOR,kleona.com,сайт бренда,1,1
LADOR,letu.ru,перекуп,1,1
LADOR,market.yandex.ru,маркетплейс,1,1
LADOR,uteka.ru,перекуп,1,1
LIBREDERM,lady.mail.ru,обзор,1,1
LIBREDERM,media.halvacard.ru,обзор,1,1
LIBREDERM,stolichki.ru,перекуп,1,1
LIBREDERM,www.letu.ru,перекуп,1,1
LOVULAR,market.yandex.ru,маркетплейс,1,1
LOVULAR,ozon.ru,маркетплейс,1,1
LOVULAR,wildberries.ru,маркетплейс,1,1
La Roche-Posay,lady.mail.ru,обзор,1,1
La Roche-Posay,media.halvacard.ru,обзор,1,1
La Roche-Posay,stolichki.ru,перекуп,1,1
La Roche-Posay,www.letu.ru,перекуп,1,1
Lacalut,kp.ru,обзор,3,3
Lacalut,apteka.ru,перекуп,2,2
Lacalut,market.yandex.ru,маркетплейс,2,3
Lacalut,zdravcity.ru,перекуп,2,3
Lacalut,health.mail.ru,обзор,1,1
Lacalut,hoff.ru,обзор,1,1
Lacalut,ozon.ru,маркетплейс,1,1
Lacalut,poryadok.ru,перекуп,1,1
Lacalut,rigla.ru,перекуп,1,1
Lacalut,stomatkristall.ru,экспертный ресурс,1,1
Lacalut,vc.ru,обзор,1,1
Lacalut,www.kp.ru,обзор,1,1
Lador,altaitmag.ru,перекуп,1,1
Lador,letu.ru,перекуп,1,1
Lador,market.yandex.ru,маркетплейс,1,1
Lador,ozon.ru,маркетплейс,1,2
Lador,wildberries.ru,маркетплейс,1,1
Lamonnet Premium,market.yandex.ru,маркетплейс,1,1
Lamonnet Premium,ozon.ru,маркетплейс,1,1
Lamonnet Premium,parfum-lider.ru,перекуп,1,1
Lamonnet Premium,rivegauche.ru,перекуп,1,1
Lamonnet Premium,wildberries.ru,маркетплейс,1,1
Librederm,kp.ru,обзор,1,1
Librederm,lady.mail.ru,обзор,1,1
Librederm,letu.ru,обзор,1,1
Librederm,nbcnews.com,обзор,1,1
Librederm,stolichki.ru,обзор,1,1
Likato Professional,goldapple.ru,маркетплейс,1,1
Likato Professional,market.yandex.ru,маркетплейс,1,1
Likato Professional,ozon.ru,маркетплейс,1,1
Likato Professional,rivegauche.ru,маркетплейс,1,1
Likato Professional,wildberries.ru,маркетплейс,1,1
Lion,letu.ru,маркетплейс,1,1
Lion,market.yandex.ru,маркетплейс,1,2
Lion,ozon.ru,маркетплейс,1,1
Lion,wildberries.ru,маркетплейс,1,2
Little Art,detmir.ru,маркетплейс,1,1
Little Art,market.yandex.ru,маркетплейс,1,1
Little Art,megamarket.ru,маркетплейс,1,1
Little Art,reviews.yandex.ru,форум,1,1
Lovature/Лавейча,apteka-april.ru,перекуп,1,1
Lovature/Лавейча,apteka.ru,перекуп,1,1
Lovature/Лавейча,planetazdorovo.ru,перекуп,1,1
Lovular,deti.mail.ru,обзор,12,12
Lovular,bestproducts.mail.ru,обзор,10,10
Lovular,ozon.ru,маркетплейс,3,3
Lovular,vc.ru,обзор,3,3
Lovular,markakachestva.ru,обзор,2,2
Lovular,market.yandex.ru,маркетплейс,2,2
Lovular,pikabu.ru,обзор,2,2
Lovular,baby.ru,обзор,1,1
Lovular,babyblog.ru,обзор,1,1
Lovular,babyblog.ru,форум,1,1
Lovular,ccd77.ru,перекуп,1,1
Lovular,health.mail.ru,обзор,1,1
Lovular,kp.ru,обзор,1,1
Lovular,onlinetrade.ru,перекуп,1,1
Lovular,vk.com,обзор,1,1
Lovular,wildberries.ru,маркетплейс,1,1
L’Oréal,dtf.ru,обзор,1,1
L’Oréal,kp.ru,обзор,1,1
L’Oréal,lady.mail.ru,обзор,1,1
L’Oréal,thepoizon.ru,обзор,1,1
MANU,detmir.ru,маркетплейс,1,1
MANU,megamarket.ru,маркетплейс,1,1
MANU,ozon.ru,маркетплейс,1,1
MASIL,hollyshop.ru,перекуп,1,1
MASIL,ozon.ru,маркетплейс,1,1
MASIL,parfum-lider.ru,перекуп,1,1
MIXIT,dtf.ru,обзор,1,1
MIXIT,irecommend.ru,форум,1,1
MIXIT,kp.ru,обзор,1,1
MIXIT,ozon.ru,маркетплейс,1,1
MIXIT,wildberries.ru,маркетплейс,1,1
MOMI,apteka.ru,перекуп,1,1
MOMI,gorzdrav.org,перекуп,1,1
MOMI,ozon.ru,маркетплейс,1,1
MOMI,uteka.ru,перекуп,1,1
MOMI,wildberries.ru,маркетплейс,1,1
Manu,detmir.ru,маркетплейс,1,1
Manu,megamarket.ru,маркетплейс,1,1
Manu,otzovik.com,форум,1,1
Masil,aravia.ru,сайт бренда,1,1
Masil,hollyshop.ru,перекуп,1,1
Masil,market.yandex.ru,маркетплейс,1,1
Masil,stolichki.ru,обзор,1,1
Mepsi,deti.mail.ru,обзор,3,3
Mepsi,bestproducts.mail.ru,обзор,2,2
Mepsi,pikabu.ru,форум,1,1
Mepsi,t-j.ru,обзор,1,1
Mepsi,vc.ru,обзор,1,1
Merries,vc.ru,обзор,24,25
Merries,deti.mail.ru,обзор,16,16
Merries,dtf.ru,обзор,8,9
Merries,t-j.ru,обзор,6,7
Merries,pikabu.ru,обзор,4,5
Merries,health.mail.ru,обзор,3,3
Merries,kp.ru,обзор,3,3
Merries,pikabu.ru,форум,3,3
Merries,tenchat.ru,обзор,3,3
Merries,babyblog.ru,форум,2,2
Merries,markakachestva.ru,обзор,2,2
Merries,market.yandex.ru,маркетплейс,2,2
Merries,ozon.ru,маркетплейс,2,2
Merries,tekhnik.top,обзор,2,2
Merries,www.kp.ru,обзор,2,2
Merries,akusherstvo.ru,экспертный ресурс,1,1
Merries,babyblog.ru,обзор,1,1
Merries,bestproducts.mail.ru,обзор,1,1
Merries,ccd77.ru,перекуп,1,1
Merries,dzen.ru,обзор,1,1
Merries,edadeal.ru,обзор,1,1
Merries,forum.baby.ru,форум,1,1
Merries,markakakachestva.ru,обзор,1,1
Merries,megapteka.ru,перекуп,1,2
Merries,otvet.mail.ru,форум,1,1
Merries,sima-land.ru,перекуп,1,1
Merries,vk.com,обзор,1,1
Merries,wildberries.ru,маркетплейс,1,1
Merries,www.rbc.ru,обзор,1,1
Merries,www.sima-land.ru,обзор,1,1
MinoMax,kp.ru,обзор,2,2
MinoMax,vc.ru,обзор,2,2
MinoMax,lady.mail.ru,обзор,1,1
Mixit,bestproducts.mail.ru,обзор,1,1
Miyoumi,goldapple.ru,маркетплейс,1,1
Miyoumi,market.yandex.ru,маркетплейс,1,1
Miyoumi,ozon.ru,маркетплейс,1,1
Miyoumi,wildberries.ru,маркетплейс,1,1
MoliCare,comfer.ru,перекуп,2,2
MoliCare,market.yandex.ru,маркетплейс,2,2
MoliCare,ozon.ru,маркетплейс,2,2
MoliCare,apteka.ru,перекуп,1,1
MoliCare,wildberries.ru,маркетплейс,1,1
Momi,deti.mail.ru,обзор,12,13
Momi,vc.ru,обзор,6,6
Momi,bestproducts.mail.ru,обзор,5,5
Momi,dtf.ru,обзор,2,2
Momi,ozon.ru,маркетплейс,2,2
Momi,pikabu.ru,обзор,2,2
Momi,pikabu.ru,форум,2,2
Momi,babyblog.ru,форум,1,1
Momi,detmir.ru,маркетплейс,1,1
Momi,health.mail.ru,обзор,1,1
Momi,market.yandex.ru,маркетплейс,1,1
Momi,megamarket.ru,маркетплейс,1,1
Momi,onlinetrade.ru,перекуп,1,1
Momi,t-j.ru,обзор,1,1
Momi,vk.com,обзор,1,1
Moony,deti.mail.ru,обзор,1,1
Moony,kp.ru,обзор,1,2
Moony,pikabu.ru,форум,1,1
Moony,t-j.ru,обзор,1,1
Moony,tekhnik.top,обзор,1,1
Moony Organic,deti.mail.ru,обзор,1,1
Moony Organic,vc.ru,обзор,1,1
Moony Organic,www.kp.ru,обзор,1,1
Mustela,boobl-goom.ru,обзор,1,1
Mustela,mustela-ru.com,сайт бренда,1,1
NATURE.med,apteka.ru,перекуп,1,1
NATURE.med,goldapple.ru,маркетплейс,1,1
NATURE.med,irecommend.ru,форум,1,1
NIVEA,market.yandex.ru,маркетплейс,2,2
NIVEA,ozon.ru,маркетплейс,2,2
NIVEA,detmir.ru,маркетплейс,1,1
NIVEA,irecommend.ru,форум,1,1
NIVEA,lady.mail.ru,обзор,1,1
NIVEA,lavka.yandex.ru,маркетплейс,1,1
NIVEA,rivegauche.ru,обзор,1,1
NIVEA,wildberries.ru,маркетплейс,1,1
Natura Siberica,deti.mail.ru,обзор,2,2
Natura Siberica,www.huggies.uz,сайт бренда,2,2
Natura Siberica,bestproducts.mail.ru,обзор,1,1
Natura Siberica,megapteka.ru,перекуп,1,1
Nivea,ozon.ru,маркетплейс,3,3
Nivea,wildberries.ru,маркетплейс,2,2
Nivea,bestproducts.mail.ru,обзор,1,1
Nivea,dtf.ru,обзор,1,1
Nivea,irecommend.ru,форум,1,1
Nivea,kp.ru,обзор,1,1
Nivea,lady.mail.ru,обзор,1,1
Nivea,poryadok.ru,перекуп,1,1
Nollam Lab,letu.ru,перекуп,1,1
Nollam Lab,market.yandex.ru,маркетплейс,1,1
Nollam Lab,rigla.ru,перекуп,1,1
Nollam Lab,wildberries.ru,маркетплейс,1,1
OIL PREMIUM,biofollica.ru,сайт бренда,1,1
OIL PREMIUM,letu.ru,перекуп,1,1
OIL PREMIUM,market.yandex.ru,маркетплейс,1,1
OIL PREMIUM,ozon.ru,маркетплейс,1,1
OIL PREMIUM,wildberries.ru,маркетплейс,1,1
Oclean,dtf.ru,обзор,1,1
Oclean,health.mail.ru,обзор,1,1
Offspring,deti.mail.ru,обзор,1,1
Offspring,goldapple.ru,маркетплейс,1,1
Offspring,kp.ru,обзор,1,1
Offspring,market.yandex.ru,маркетплейс,1,1
Offspring,ozon.ru,маркетплейс,1,1
Offspring,wildberries.ru,маркетплейс,1,1
Ollin,market.yandex.ru,маркетплейс,3,3
Ollin,ozon.ru,маркетплейс,3,3
Ollin,wildberries.ru,маркетплейс,3,3
Ollin,lady.mail.ru,обзор,2,2
Ollin,letu.ru,перекуп,2,2
Ollin,angelprof.ru,сайт бренда,1,1
Ollin,apteka.ru,перекуп,1,1
Ollin,bestproducts.mail.ru,обзор,1,1
Ollin,eapteka.ru,перекуп,1,1
Ollin,goldapple.ru,перекуп,1,1
Ollin,hair-market.ru,перекуп,1,1
Ollin,kapous.ru,сайт бренда,1,1
Ollin,kosmetika-proff.ru,обзор,1,1
Ollin,kp.ru,обзор,1,1
Ollin,vc.ru,обзор,1,1
Ollin Professional,goldapple.ru,маркетплейс,1,1
Ollin Professional,market.yandex.ru,маркетплейс,1,1
Ollin Professional,ozon.ru,маркетплейс,1,1
Ollin Professional,rivegauche.ru,маркетплейс,1,1
Ollin Professional,wildberries.ru,маркетплейс,1,1
PHYTORELAX,lady.mail.ru,обзор,1,1
PHYTORELAX,media.halvacard.ru,обзор,1,1
PHYTORELAX,stolichki.ru,перекуп,1,1
PHYTORELAX,www.letu.ru,перекуп,1,1
PUNCHLINE COSMETICS,market.yandex.ru,маркетплейс,1,2
PUNCHLINE COSMETICS,ozon.ru,маркетплейс,1,2
PUNCHLINE COSMETICS,reviews.yandex.ru,маркетплейс,1,1
Palmolive,dtf.ru,обзор,1,1
Palmolive,irecommend.ru,форум,1,1
Palmolive,kp.ru,обзор,1,1
Palmolive,ozon.ru,маркетплейс,1,1
Palmolive,wildberries.ru,маркетплейс,1,1
Perioe,apteka.ru,перекуп,1,1
Perioe,ozon.ru,маркетплейс,1,1
Perioe,poryadok.ru,перекуп,1,1
Perioe,wildberries.ru,маркетплейс,1,1
Philips,dtf.ru,обзор,3,3
Philips,doctorslon.ru,экспертный ресурс,1,1
Philips,dzen.ru,обзор,1,1
Philips,health.mail.ru,обзор,1,1
Philips,markakachestva.ru,обзор,1,1
Philips,techradar.com,обзор,1,1
Philips,vc.ru,обзор,1,1
Physiogel,dtf.ru,обзор,1,1
Physiogel,irecommend.ru,форум,1,1
Physiogel,kp.ru,обзор,1,1
Physiogel,ozon.ru,маркетплейс,1,1
Physiogel,wildberries.ru,маркетплейс,1,1
Polaris,health.mail.ru,обзор,1,1
Polaris,ozon.ru,маркетплейс,1,1
Polaris,tehnobzor.ru,обзор,1,1
PresiDENT,health.mail.ru,обзор,2,2
PresiDENT,market.yandex.ru,маркетплейс,2,2
PresiDENT,24stoma.ru,экспертный ресурс,1,1
PresiDENT,doctorslon.ru,перекуп,1,1
PresiDENT,gorzdrav.org,перекуп,1,1
PresiDENT,kp.ru,обзор,1,1
PresiDENT,mila.by,перекуп,1,1
PresiDENT,ozon.by,маркетплейс,1,1
PresiDENT,ozon.ru,маркетплейс,1,1
PresiDENT,podrygka.ru,перекуп,1,1
PresiDENT,stolichki.ru,перекуп,1,1
PresiDENT,stommarket.ru,перекуп,1,1
PresiDENT,tomas.by,маркетплейс,1,1
PresiDENT,uteka.ru,экспертный ресурс,1,1
PresiDent,health.mail.ru,обзор,1,1
PresiDent,kp.ru,обзор,1,1
R.O.C.S.,kp.ru,обзор,6,7
R.O.C.S.,health.mail.ru,обзор,3,3
R.O.C.S.,apteka.ru,перекуп,2,2
R.O.C.S.,vc.ru,обзор,2,2
R.O.C.S.,bestproducts.mail.ru,обзор,1,1
R.O.C.S.,byrdie.com,обзор,1,1
R.O.C.S.,goldapple.ru,перекуп,1,1
R.O.C.S.,gorzdrav.org,перекуп,1,1
R.O.C.S.,market.yandex.ru,маркетплейс,1,1
R.O.C.S.,mila.by,перекуп,1,1
R.O.C.S.,ozon.by,маркетплейс,1,1
R.O.C.S.,planetazdorovo.ru,перекуп,1,1
R.O.C.S.,podrygka.ru,перекуп,1,1
R.O.C.S.,poryadok.ru,перекуп,1,1
R.O.C.S.,rigla.ru,перекуп,1,1
R.O.C.S.,rivegauche.ru,маркетплейс,1,1
R.O.C.S.,stolichki.ru,перекуп,1,1
R.O.C.S.,stomatkristall.ru,экспертный ресурс,1,1
R.O.C.S.,tomas.by,маркетплейс,1,1
R.O.C.S.,zdravcity.ru,перекуп,1,1
ROCS,apteka.ru,перекуп,1,1
ROCS,doctorslon.ru,перекуп,1,1
ROCS,uteka.ru,перекуп,1,1
ROCS,wildberries.ru,маркетплейс,1,1
ROYAL SAMPLES,biofollica.ru,сайт бренда,1,1
ROYAL SAMPLES,letu.ru,перекуп,1,1
ROYAL SAMPLES,market.yandex.ru,маркетплейс,1,1
ROYAL SAMPLES,ozon.ru,маркетплейс,1,1
ROYAL SAMPLES,wildberries.ru,маркетплейс,1,1
Repute,dzen.ru,обзор,1,1
Repute,lady.mail.ru,обзор,1,1
Repute,letu.ru,обзор,1,1
Repute,stolichki.ru,перекуп,1,1
Repute,tekhnik.top,обзор,1,1
Retrieve,byrdie.com,обзор,1,1
Retrieve,kp.ru,обзор,1,1
Retrieve,lady.mail.ru,обзор,1,1
Retrieve,megapteka.ru,перекуп,1,1
Revyline,doctorslon.ru,экспертный ресурс,1,1
Revyline,dtf.ru,обзор,1,1
Revyline,mvideo.ru,обзор,1,1
Revyline,ozon.ru,маркетплейс,1,2
Revyline,reviews.yandex.ru,обзор,1,3
Revyline,vc.ru,обзор,1,1
SPLAT,health.mail.ru,обзор,2,2
SPLAT,kp.ru,обзор,1,1
SPLAT,market.yandex.ru,маркетплейс,1,1
SPLAT,ozon.ru,маркетплейс,1,1
SPLAT,stolichki.ru,перекуп,1,1
SPLAT,uteka.ru,перекуп,1,1
SPLAT,uteka.ru,экспертный ресурс,1,1
SPLAT,vc.ru,обзор,1,1
SYNERGETIC,ozon.ru,маркетплейс,3,3
SYNERGETIC,market.yandex.ru,маркетплейс,2,3
SYNERGETIC,wildberries.ru,маркетплейс,2,3
SYNERGETIC,apteka.ru,перекуп,1,1
SYNERGETIC,deti.mail.ru,обзор,1,1
SYNERGETIC,detmir.ru,маркетплейс,1,1
SYNERGETIC,irecommend.ru,форум,1,1
SYNERGETIC,letu.ru,маркетплейс,1,1
SYNERGETIC,poryadok.ru,перекуп,1,1
SYNERGETIC,www.huggies.uz,сайт бренда,1,1
Sanosan,deti.mail.ru,обзор,1,1
Sanosan,www.huggies.uz,сайт бренда,1,1
Sanosan Baby,deti.mail.ru,обзор,1,1
Sanosan Baby,megapteka.ru,перекуп,1,1
Sanosan Baby,www.huggies.uz,сайт бренда,1,1
Savonry,apteka.ru,перекуп,1,1
Savonry,goldapple.ru,маркетплейс,1,1
Savonry,irecommend.ru,форум,1,1
Sebu-Balance,letu.ru,перекуп,1,1
Sebu-Balance,market.yandex.ru,маркетплейс,1,1
Sebu-Balance,rigla.ru,перекуп,1,1
Sebu-Balance,wildberries.ru,маркетплейс,1,1
Seni,comfer.ru,перекуп,5,5
Seni,market.yandex.ru,маркетплейс,5,5
Seni,ozon.ru,маркетплейс,4,4
Seni,wildberries.ru,маркетплейс,4,4
Seni,planetazdorovo.ru,перекуп,2,2
Seni,uteka.ru,перекуп,2,2
Seni,akusherstvo.ru,экспертный ресурс,1,1
Seni,apteka.ru,перекуп,1,1
Seni,aptekiplus.ru,перекуп,1,1
Seni,aptstore.ru,перекуп,1,1
Seni,babyblog.ru,обзор,1,1
Seni,dtf.ru,обзор,1,1
Seni,dzen.ru,обзор,1,1
Seni,edadeal.ru,обзор,1,1
Seni,gorzdrav.org,перекуп,1,1
Seni,otvet.mail.ru,форум,1,1
Seni,zdorov.ru,перекуп,1,1
Senso Baby Simple,goldapple.ru,маркетплейс,1,1
Senso Baby Simple,market.yandex.ru,маркетплейс,1,1
Senso Baby Simple,ozon.ru,маркетплейс,1,1
Senso Baby Simple,wildberries.ru,маркетплейс,1,1
Senso Med,apteka.ru,перекуп,1,1
Senso Med,comfer.ru,перекуп,1,1
Senso Med,market.yandex.ru,маркетплейс,1,1
Senso Med,www.ozon.ru,маркетплейс,1,1
Sensodyne,kp.ru,обзор,5,6
Sensodyne,stolichki.ru,перекуп,2,2
Sensodyne,vc.ru,обзор,2,2
Sensodyne,zdravcity.ru,перекуп,2,2
Sensodyne,apteka.ru,перекуп,1,1
Sensodyne,byrdie.com,обзор,1,1
Sensodyne,goldapple.ru,перекуп,1,1
Sensodyne,health.mail.ru,обзор,1,1
Sensodyne,market.yandex.ru,маркетплейс,1,1
Sensodyne,planetazdorovo.ru,перекуп,1,1
Sensodyne,poryadok.ru,перекуп,1,1
Sensodyne,rigla.ru,перекуп,1,1
Sensodyne,www.kp.ru,обзор,1,1
Shauma,market.yandex.ru,маркетплейс,1,1
Shauma,ozon.ru,маркетплейс,1,1
Shauma,wildberries.ru,маркетплейс,1,1
Sim Sensitive,kp.ru,обзор,2,2
Sim Sensitive,vc.ru,обзор,2,2
Sim Sensitive,lady.mail.ru,обзор,1,1
Splat,apteka.ru,перекуп,2,2
Splat,kp.ru,обзор,2,3
Splat,market.yandex.ru,маркетплейс,2,3
Splat,wildberries.ru,маркетплейс,2,2
Splat,www.kp.ru,обзор,2,2
Splat,24stoma.ru,экспертный ресурс,1,1
Splat,byrdie.com,обзор,1,1
Splat,doctorslon.ru,перекуп,1,1
Splat,dtf.ru,обзор,1,1
Splat,gorzdrav.org,перекуп,1,1
Splat,health.mail.ru,обзор,1,1
Splat,health.mail.ru,экспертный ресурс,1,1
Splat,mila.by,перекуп,1,1
Splat,ozon.by,маркетплейс,1,1
Splat,ozon.ru,маркетплейс,1,1
Splat,podrygka.ru,перекуп,1,1
Splat,poryadok.ru,перекуп,1,1
Splat,rigla.ru,перекуп,1,1
Splat,tomas.by,маркетплейс,1,1
Splat,uteka.ru,перекуп,1,1
Splat,vc.ru,обзор,1,1
Splat,zdravcity.ru,перекуп,1,2
Sueno,goldapple.ru,перекуп,1,1
Sueno,letu.ru,перекуп,1,1
Sueno,market.yandex.ru,маркетплейс,1,1
Sueno,ozon.ru,маркетплейс,1,1
Sueno,wildberries.ru,маркетплейс,1,1
Super Seni,apteka.ru,перекуп,1,1
Super Seni,comfer.ru,перекуп,1,1
Super Seni,market.yandex.ru,маркетплейс,1,1
Super Seni,www.ozon.ru,маркетплейс,1,1
Svoboda Natural,apteka.ru,перекуп,1,1
Svoboda Natural,goldapple.ru,перекуп,1,1
Svoboda Natural,ozon.ru,маркетплейс,1,1
Svoboda Natural,poryadok.ru,перекуп,1,1
Svoboda Natural,wildberries.ru,маркетплейс,1,1
Svoboda natural,apteka.ru,перекуп,1,1
Svoboda natural,goldapple.ru,маркетплейс,1,1
Svoboda natural,irecommend.ru,форум,1,1
Synergetic,lady.mail.ru,обзор,2,2
Synergetic,byrdie.com,обзор,1,1
Synergetic,kp.ru,обзор,1,1
Synergetic,lavka.yandex.ru,маркетплейс,1,1
Synergetic,market.yandex.ru,маркетплейс,1,1
Synergetic,megapteka.ru,перекуп,1,1
Synergetic,ozon.ru,маркетплейс,1,1
Synergetic,rivegauche.ru,обзор,1,1
Synergetic,wildberries.ru,маркетплейс,1,1
Tena,comfer.ru,перекуп,3,3
Tena,market.yandex.ru,маркетплейс,3,4
Tena,ozon.ru,маркетплейс,3,3
Tena,wildberries.ru,маркетплейс,2,2
Tena,health.mail.ru,обзор,1,1
Tena,megapteka.ru,перекуп,1,1
Tena,planetazdorovo.ru,перекуп,1,1
Tena,vc.ru,обзор,1,1
Tereza Med,apteka.ru,перекуп,1,1
Tereza Med,comfer.ru,перекуп,1,1
Tereza Med,market.yandex.ru,маркетплейс,1,1
Tereza Med,ozon.ru,маркетплейс,1,1
Tereza Med,wildberries.ru,маркетплейс,1,1
TerezaMed,comfer.ru,перекуп,2,2
TerezaMed,market.yandex.ru,маркетплейс,2,2
TerezaMed,ozon.ru,маркетплейс,2,2
TerezaMed,deti.mail.ru,обзор,1,1
TerezaMed,health.mail.ru,обзор,1,1
TerezaMed,planetazdorovo.ru,перекуп,1,1
TerezaMed,wildberries.ru,маркетплейс,1,1
The LAB,cosmetic.magnit.ru,перекуп,1,1
The LAB,ng.nlstar.com,перекуп,1,1
The LAB,ozon.ru,маркетплейс,1,1
The LAB,pralinedefrance.ru,перекуп,1,1
The LAB,wildberries.ru,маркетплейс,1,1
TokiBaby,kp.ru,обзор,1,2
TokiBaby,tekhnik.top,обзор,1,1
TokiBaby Light,deti.mail.ru,обзор,1,1
TokiBaby Light,vc.ru,обзор,1,1
TokiBaby Light,www.kp.ru,обзор,1,1
Topicrem,deti.mail.ru,обзор,1,1
Topicrem,www.huggies.uz,сайт бренда,1,1
Touch For You,axioneprofessional.ru,сайт бренда,1,1
Touch For You,market.yandex.ru,маркетплейс,1,1
Touch For You,ozon.ru,маркетплейс,1,2
Touch For You,vkusvill.ru,маркетплейс,1,1
Touch For You,wildberries.ru,маркетплейс,1,1
URAL LAB,market.yandex.ru,маркетплейс,2,2
URAL LAB,ozon.ru,маркетплейс,2,4
URAL LAB,wildberries.ru,маркетплейс,2,2
URAL LAB,altaitmag.ru,перекуп,1,1
URAL LAB,axioneprofessional.ru,сайт бренда,1,1
URAL LAB,letu.ru,перекуп,1,1
URAL LAB,vkusvill.ru,маркетплейс,1,1
URIAGE,lady.mail.ru,обзор,1,1
URIAGE,media.halvacard.ru,обзор,1,1
URIAGE,stolichki.ru,перекуп,1,1
URIAGE,www.letu.ru,перекуп,1,1
Unisoft,apteka.ru,перекуп,1,1
Unisoft,irecommend.ru,форум,1,1
Unisoft,megamarket.ru,маркетплейс,1,1
Unisoft,reviews.yandex.ru,обзор,1,1
VOIS,market.yandex.ru,маркетплейс,2,2
VOIS,aravia.ru,сайт бренда,1,1
VOIS,hollyshop.ru,перекуп,1,1
VOIS,kleona.com,сайт бренда,1,1
VOIS,letu.ru,перекуп,1,1
VOIS,stolichki.ru,обзор,1,1
VOIS,uteka.ru,перекуп,1,1
VOLCANO ENERGY,axioneprofessional.ru,сайт бренда,1,1
VOLCANO ENERGY,market.yandex.ru,маркетплейс,1,1
VOLCANO ENERGY,ozon.ru,маркетплейс,1,2
VOLCANO ENERGY,vkusvill.ru,маркетплейс,1,1
VOLCANO ENERGY,wildberries.ru,маркетплейс,1,1
Vichy,lady.mail.ru,обзор,4,4
Vichy,market.yandex.ru,маркетплейс,3,3
Vichy,kp.ru,обзор,2,2
Vichy,ozon.ru,маркетплейс,2,2
Vichy,vc.ru,обзор,2,2
Vichy,aptstore.ru,перекуп,1,1
Vichy,dtf.ru,обзор,1,1
Vichy,dzen.ru,обзор,1,1
Vichy,eapteka.ru,перекуп,1,1
Vichy,goldapple.ru,обзор,1,1
Vichy,irecommend.ru,форум,1,1
Vichy,letu.ru,перекуп,1,1
Vichy,linline-clinic.ru,экспертный ресурс,1,1
Vichy,vichy.ru,сайт бренда,1,1
Vichy,vitaexpress.ru,перекуп,1,1
Vichy,wildberries.ru,маркетплейс,1,1
Waterpik,dtf.ru,обзор,1,1
Waterpik,dzen.ru,обзор,1,1
Weleda,deti.mail.ru,обзор,2,2
Weleda,www.huggies.uz,сайт бренда,2,2
Weleda,megapteka.ru,перекуп,1,1
Wella,dtf.ru,обзор,2,2
Wella,kp.ru,обзор,2,2
Wella,lady.mail.ru,обзор,2,2
Wella,ozon.ru,маркетплейс,2,2
Wella,irecommend.ru,форум,1,1
Wella,kapous.ru,обзор,1,1
Wella,market.yandex.ru,маркетплейс,1,1
Wella,wildberries.ru,маркетплейс,1,1
Xiaomi,dtf.ru,обзор,2,2
Xiaomi,dzen.ru,обзор,1,1
Xiaomi,goodmi.ru,обзор,1,1
Xiaomi,health.mail.ru,обзор,1,1
Xiaomi,markakachestva.ru,обзор,1,1
Xiaomi,megapteka.ru,перекуп,1,1
Xiaomi,tehnobzor.ru,обзор,1,1
Xiaomi,www.kp.ru,обзор,1,1
YESBABY,apteka.ru,перекуп,1,1
YESBABY,market.yandex.ru,маркетплейс,1,1
YESBABY,uteka.ru,перекуп,1,1
YESBABY,wildberries.ru,маркетплейс,1,1
YokoSun,vc.ru,обзор,13,14
YokoSun,deti.mail.ru,обзор,8,8
YokoSun,pikabu.ru,форум,4,4
YokoSun,t-j.ru,обзор,4,5
YokoSun,dtf.ru,обзор,3,4
YokoSun,market.yandex.ru,маркетплейс,3,3
YokoSun,tenchat.ru,обзор,3,3
YokoSun,detmir.ru,маркетплейс,2,2
YokoSun,health.mail.ru,обзор,2,2
YokoSun,megapteka.ru,перекуп,2,3
YokoSun,ozon.ru,маркетплейс,2,2
YokoSun,pikabu.ru,обзор,2,3
YokoSun,tekhnik.top,обзор,2,2
YokoSun,wildberries.ru,маркетплейс,2,2
YokoSun,akusherstvo.ru,экспертный ресурс,1,1
YokoSun,babyblog.ru,обзор,1,1
YokoSun,babyblog.ru,форум,1,1
YokoSun,dzen.ru,обзор,1,1
YokoSun,forum.baby.ru,форум,1,1
YokoSun,goldapple.ru,маркетплейс,1,1
YokoSun,irecommend.ru,форум,1,1
YokoSun,kp.ru,обзор,1,1
YokoSun,markakakachestva.ru,обзор,1,1
YokoSun,nappyclub.ru,перекуп,1,1
YokoSun,otvet.mail.ru,форум,1,1
YokoSun,sima-land.ru,перекуп,1,1
YokoSun,www.rbc.ru,обзор,1,1
YokoSun (и другие конкуренты),deti.mail.ru,обзор,1,1
Yves Rocher,goldapple.ru,перекуп,1,1
Yves Rocher,letu.ru,перекуп,1,1
Yves Rocher,market.yandex.ru,маркетплейс,1,1
Yves Rocher,ozon.ru,маркетплейс,1,1
Yves Rocher,wildberries.ru,маркетплейс,1,1
ZEITUN,altaitmag.ru,перекуп,1,1
ZEITUN,letu.ru,перекуп,1,1
ZEITUN,market.yandex.ru,маркетплейс,1,1
ZEITUN,ozon.ru,маркетплейс,1,2
ZEITUN,wildberries.ru,маркетплейс,1,1
Zeitun,byrdie.com,обзор,1,1
Zeitun,kp.ru,обзор,1,1
Zeitun,lady.mail.ru,обзор,1,1
Zeitun,megapteka.ru,перекуп,1,1
Алерана,apteka.ru,перекуп,1,1
Алерана,eapteka.ru,перекуп,1,1
Алерана,ozon.ru,маркетплейс,1,1
Алерана,planetazdorovo.ru,перекуп,1,1
Алерана,uteka.ru,перекуп,1,1
Алиса,apteka.ru,перекуп,1,1
Алиса,market.yandex.ru,маркетплейс,1,1
Алиса,uteka.ru,перекуп,1,1
Алиса,wildberries.ru,маркетплейс,1,1
Ама Мама,irecommend.ru,форум,1,1
Ама Мама,otzovik.com,форум,1,1
Ама Мама,ozon.ru,маркетплейс,1,1
Аптечка Агафьи,gorzdrav.org,перекуп,1,1
Аптечка Агафьи,kapous.ru,сайт бренда,1,1
Аптечка Агафьи,market.yandex.ru,маркетплейс,1,1
Аптечка Агафьи,ozon.ru,маркетплейс,1,1
Аптечка Агафьи,uteka.ru,перекуп,1,1
Асепта,apteka.ru,перекуп,1,1
Асепта,doctorslon.ru,обзор,1,1
Асепта,gorzdrav.org,перекуп,1,1
Асепта,health.mail.ru,обзор,1,1
Асепта,kp.ru,обзор,1,1
Асепта,market.yandex.ru,маркетплейс,1,1
Асепта,ozon.ru,маркетплейс,1,1
Асепта,planetazdorovo.ru,перекуп,1,1
Асепта,stolichki.ru,перекуп,1,1
Белита-Витэкс,detmir.ru,маркетплейс,1,1
Белита-Витэкс,irecommend.ru,форум,1,1
Белита-Витэкс,market.yandex.ru,маркетплейс,1,1
Белита-Витэкс,ozon.ru,маркетплейс,1,1
Бепантен,edadeal.ru,обзор,1,1
Бепантен,megapteka.ru,перекуп,1,1
Бепантен,stolichki.ru,перекуп,1,1
Красная цена,irecommend.ru,форум,1,1
Красная цена,megamarket.ru,маркетплейс,1,1
Красная цена,otzovik.com,форум,1,1
Ла-Кри,deti.mail.ru,обзор,1,1
Ла-Кри,www.huggies.uz,сайт бренда,1,1
Лента,apteka.ru,перекуп,1,1
Лента,irecommend.ru,форум,1,1
Лента,megamarket.ru,маркетплейс,1,1
Лента,reviews.yandex.ru,обзор,1,1
Лесной бальзам,apteka.ru,перекуп,1,1
Лесной бальзам,ozon.ru,маркетплейс,1,1
Лесной бальзам,planetazdorovo.ru,перекуп,1,1
Лесной бальзам,zdravcity.ru,перекуп,1,1
Лошадиная Сила,kleona.com,сайт бренда,1,1
Лошадиная Сила,letu.ru,перекуп,1,1
Лошадиная Сила,market.yandex.ru,маркетплейс,1,1
Лошадиная Сила,uteka.ru,перекуп,1,1
МАСТ ХЭВ,aravia.ru,сайт бренда,1,1
МАСТ ХЭВ,hollyshop.ru,перекуп,1,1
МАСТ ХЭВ,market.yandex.ru,маркетплейс,1,1
МАСТ ХЭВ,stolichki.ru,обзор,1,1
Мапсики,market.yandex.ru,маркетплейс,1,1
Мапсики,ozon.ru,маркетплейс,1,1
Мапсики,planetazdorovo.ru,перекуп,1,1
Мапсики,wildberries.ru,маркетплейс,1,1
Мирролла,apteka-april.ru,перекуп,1,1
Мирролла,apteka.ru,перекуп,1,1
Мирролла,planetazdorovo.ru,перекуп,1,1
ОрганикФарм,letu.ru,перекуп,1,1
ОрганикФарм,market.yandex.ru,маркетплейс,1,1
ОрганикФарм,rigla.ru,перекуп,1,1
ОрганикФарм,wildberries.ru,маркетплейс,1,1
Рексона,axioneprofessional.ru,сайт бренда,1,1
Рексона,market.yandex.ru,маркетплейс,1,1
Рексона,ozon.ru,маркетплейс,1,2
Рексона,vkusvill.ru,маркетплейс,1,1
Рексона,wildberries.ru,маркетплейс,1,1
Ушастый Нянь,apteka.ru,перекуп,1,1
Ушастый Нянь,market.yandex.ru,маркетплейс,1,1
Ушастый Нянь,uteka.ru,перекуп,1,1
Ушастый Нянь,wildberries.ru,маркетплейс,1,1
Чистая Линия,chistayalinia.ru,сайт бренда,1,1
Чистая Линия,linline-clinic.ru,экспертный ресурс,1,1
Чистая Линия,selencin.ru,экспертный ресурс,1,1
Чистая Линия,vitaexpress.ru,перекуп,1,1
Чистая линия,detmir.ru,маркетплейс,1,1
Чистая линия,irecommend.ru,форум,1,1
Чистая линия,market.yandex.ru,маркетплейс,1,1
Чистая линия,ozon.ru,маркетплейс,1,1
ЭлараHealth,apteka.ru,перекуп,1,1
ЭлараHealth,irecommend.ru,форум,1,1
ЭлараHealth,megamarket.ru,маркетплейс,1,1
ЭлараHealth,reviews.yandex.ru,обзор,1,1
бренды не указаны,chistayalinia.ru,сайт бренда,1,1
бренды не указаны,media.halvacard.ru,обзор,1,1
бренды не указаны,plastica.onclinic.ru,экспертный ресурс,1,1
бренды не упомянуты,edadeal.ru,обзор,1,1
бренды не упомянуты,megapteka.ru,перекуп,1,1
не указаны,apteka.ru,перекуп,1,1
не указаны,gorzdrav.org,перекуп,1,1
не указаны,ozerki.ru,перекуп,1,1
не указаны,spb.uteka.ru,перекуп,1,1
не указаны,vitaexpress.ru,перекуп,1,1
нет явного лидера,hairgloss.ru,обзор,1,1
нет явного лидера,yahoo.com,обзор,1,1
нет явного лидера,zicail.com,обзор,1,1
отсутствует,rskrf.ru,экспертный ресурс,2,2
отсутствует,aroma-butik.ru,обзор,1,1
отсутствует,chistayalinia.ru,обзор,1,1
отсутствует,linline-clinic.ru,экспертный ресурс,1,1
отсутствует,media.halvacard.ru,обзор,1,1
отсутствует,rivegauche.ru,обзор,1,1
отсутствует,selencin.ru,обзор,1,1
отсутствует,selencin.ru,экспертный ресурс,1,1
отсутствует,vichy.ru,сайт бренда,1,1
отсутствует,vitaexpress.ru,перекуп,1,1
