категория,тип_запроса,конкурент,домен,тип_источника,n_запросов,n_hits
baby care,брендовый,Huggies,vc.ru,обзор,4,4
baby care,брендовый,Huggies,detmir.ru,маркетплейс,2,2
baby care,брендовый,Huggies,dtf.ru,обзор,2,2
baby care,брендовый,Huggies,huggies.ru,сайт бренда,2,2
baby care,брендовый,Huggies,market.yandex.ru,маркетплейс,2,2
baby care,брендовый,Huggies,ozon.ru,маркетплейс,2,2
baby care,брендовый,Huggies,apteka.ru,перекуп,1,1
baby care,брендовый,Huggies,aptekiplus.ru,перекуп,1,1
baby care,брендовый,Huggies,auchan.ru,маркетплейс,1,1
baby care,брендовый,Huggies,deti.mail.ru,обзор,1,1
baby care,брендовый,Huggies,edadeal.ru,обзор,1,1
baby care,брендовый,Huggies,goldapple.ru,маркетплейс,1,1
baby care,брендовый,Huggies,gorzdrav.org,перекуп,1,1
baby care,брендовый,Huggies,irecommend.ru,форум,1,1
baby care,брендовый,Huggies,kmmedcenter.com,экспертный ресурс,1,1
baby care,брендовый,Huggies,kp.ru,обзор,1,1
baby care,брендовый,Huggies,markakakachestva.ru,обзор,1,1
baby care,брендовый,Huggies,nappyclub.ru,сайт бренда,1,1
baby care,брендовый,Huggies,reviews.yandex.ru,форум,1,1
baby care,брендовый,Huggies,tanoshi-club.com,обзор,1,1
baby care,брендовый,Huggies,tenchat.ru,обзор,1,1
baby care,брендовый,Joonies,vc.ru,обзор,2,2
baby care,брендовый,Joonies,dtf.ru,обзор,1,1
baby care,брендовый,Joonies,kp.ru,обзор,1,1
baby care,брендовый,Joonies,ozon.ru,маркетплейс,1,1
baby care,брендовый,Joonies,planetazdorovo.ru,перекуп,1,1
baby care,брендовый,Joonies,vsekroham.ru,перекуп,1,1
baby care,брендовый,KIOSHI,goldapple.ru,маркетплейс,1,1
baby care,брендовый,KIOSHI,market.yandex.ru,маркетплейс,1,1
baby care,брендовый,KIOSHI,ozon.ru,маркетплейс,1,1
baby care,брендовый,KIOSHI,wildberries.ru,маркетплейс,1,1
baby care,брендовый,Lovular,bestproducts.mail.ru,обзор,2,2
baby care,брендовый,Lovular,deti.mail.ru,обзор,1,1
baby care,брендовый,MOMI,apteka.ru,перекуп,1,1
baby care,брендовый,MOMI,gorzdrav.org,перекуп,1,1
baby care,брендовый,MOMI,ozon.ru,маркетплейс,1,1
baby care,брендовый,MOMI,uteka.ru,перекуп,1,1
baby care,брендовый,MOMI,wildberries.ru,маркетплейс,1,1
baby care,брендовый,Merries,vc.ru,обзор,4,4
baby care,брендовый,Merries,dtf.ru,обзор,2,2
baby care,брендовый,Merries,deti.mail.ru,обзор,1,1
baby care,брендовый,Merries,kp.ru,обзор,1,1
baby care,брендовый,Merries,markakakachestva.ru,обзор,1,1
baby care,брендовый,Merries,ozon.ru,маркетплейс,1,1
baby care,брендовый,Merries,tenchat.ru,обзор,1,1
baby care,брендовый,Miyoumi,goldapple.ru,маркетплейс,1,1
baby care,брендовый,Miyoumi,market.yandex.ru,маркетплейс,1,1
baby care,брендовый,Miyoumi,ozon.ru,маркетплейс,1,1
baby care,брендовый,Miyoumi,wildberries.ru,маркетплейс,1,1
baby care,брендовый,Momi,deti.mail.ru,обзор,2,2
baby care,брендовый,Momi,bestproducts.mail.ru,обзор,1,1
baby care,брендовый,Momi,dtf.ru,обзор,1,1
baby care,брендовый,Momi,vc.ru,обзор,1,1
baby care,брендовый,Offspring,deti.mail.ru,обзор,1,1
baby care,брендовый,Offspring,goldapple.ru,маркетплейс,1,1
baby care,брендовый,Offspring,kp.ru,обзор,1,1
baby care,брендовый,Offspring,market.yandex.ru,маркетплейс,1,1
baby care,брендовый,Offspring,ozon.ru,маркетплейс,1,1
baby care,брендовый,Offspring,wildberries.ru,маркетплейс,1,1
baby care,брендовый,Seni,comfer.ru,перекуп,2,2
baby care,брендовый,Seni,uteka.ru,перекуп,2,2
baby care,брендовый,Seni,aptekiplus.ru,перекуп,1,1
baby care,брендовый,Seni,aptstore.ru,перекуп,1,1
baby care,брендовый,Seni,gorzdrav.org,перекуп,1,1
baby care,брендовый,Seni,market.yandex.ru,маркетплейс,1,1
baby care,брендовый,Seni,ozon.ru,маркетплейс,1,1
baby care,брендовый,Seni,wildberries.ru,маркетплейс,1,1
baby care,брендовый,Seni,zdorov.ru,перекуп,1,1
baby care,брендовый,Senso Baby Simple,goldapple.ru,маркетплейс,1,1
baby care,брендовый,Senso Baby Simple,market.yandex.ru,маркетплейс,1,1
baby care,брендовый,Senso Baby Simple,ozon.ru,маркетплейс,1,1
baby care,брендовый,Senso Baby Simple,wildberries.ru,маркетплейс,1,1
baby care,брендовый,YokoSun,vc.ru,обзор,2,2
baby care,брендовый,YokoSun,goldapple.ru,маркетплейс,1,1
baby care,брендовый,YokoSun,kp.ru,обзор,1,1
baby care,брендовый,YokoSun,markakakachestva.ru,обзор,1,1
baby care,брендовый,YokoSun,market.yandex.ru,маркетплейс,1,1
baby care,брендовый,YokoSun,ozon.ru,маркетплейс,1,1
baby care,брендовый,YokoSun,tenchat.ru,обзор,1,1
baby care,брендовый,YokoSun,wildberries.ru,маркетплейс,1,1
baby care,категорийный,AMT LIFE,apteka.ru,перекуп,1,1
baby care,категорийный,AMT LIFE,comfer.ru,перекуп,1,1
baby care,категорийный,AMT LIFE,market.yandex.ru,маркетплейс,1,1
baby care,категорийный,AMT LIFE,www.ozon.ru,маркетплейс,1,1
baby care,категорийный,Abena,comfer.ru,перекуп,1,1
baby care,категорийный,Abena,market.yandex.ru,маркетплейс,1,1
baby care,категорийный,Abena,ozon.ru,маркетплейс,1,1
baby care,категорийный,Alloves,irecommend.ru,форум,1,1
baby care,категорийный,Alloves,megamarket.ru,маркетплейс,1,1
baby care,категорийный,Alloves,otzovik.com,форум,1,1
baby care,категорийный,Ama Mama,irecommend.ru,форум,1,1
baby care,категорийный,Ama Mama,otzovik.com,форум,1,1
baby care,категорийный,Ama Mama,www.ozon.ru,маркетплейс,1,1
baby care,категорийный,Baby Go,detmir.ru,маркетплейс,1,1
baby care,категорийный,Baby Go,irecommend.ru,форум,1,1
baby care,категорийный,Baby Go,otzovik.com,форум,1,1
baby care,категорийный,Bella Baby happy,kp.ru,обзор,1,1
baby care,категорийный,Bella Baby happy,markakachestva.ru,обзор,1,1
baby care,категорийный,Bella Baby happy,vc.ru,обзор,1,1
baby care,категорийный,Dailee,apteka.ru,перекуп,1,1
baby care,категорийный,Dailee,comfer.ru,перекуп,1,1
baby care,категорийный,Dailee,market.yandex.ru,маркетплейс,1,1
baby care,категорийный,Dailee,www.ozon.ru,маркетплейс,1,1
baby care,категорийный,Goo.N,kp.ru,обзор,1,1
baby care,категорийный,Goo.N,markakachestva.ru,обзор,1,1
baby care,категорийный,Goo.N,vc.ru,обзор,1,1
baby care,категорийный,Hartmann,comfer.ru,перекуп,1,1
baby care,категорийный,Hartmann,market.yandex.ru,маркетплейс,1,1
baby care,категорийный,Hartmann,ozon.ru,маркетплейс,1,1
baby care,категорийный,Helen Harper,ozon.ru,маркетплейс,3,3
baby care,категорийный,Helen Harper,wildberries.ru,маркетплейс,3,3
baby care,категорийный,Helen Harper,market.yandex.ru,маркетплейс,2,2
baby care,категорийный,Helen Harper,akusherstvo.ru,экспертный ресурс,1,1
baby care,категорийный,Helen Harper,babyblog.ru,обзор,1,1
baby care,категорийный,Helen Harper,detmir.ru,маркетплейс,1,1
baby care,категорийный,Helen Harper,dtf.ru,обзор,1,1
baby care,категорийный,Helen Harper,dzen.ru,обзор,1,1
baby care,категорийный,Helen Harper,otvet.mail.ru,форум,1,1
baby care,категорийный,Helen Harper,uteka.ru,перекуп,1,1
baby care,категорийный,Helen Harper,zdravcity.ru,перекуп,1,1
baby care,категорийный,Hiya,kp.ru,обзор,1,1
baby care,категорийный,Hiya,markakachestva.ru,обзор,1,1
baby care,категорийный,Hiya,vc.ru,обзор,1,1
baby care,категорийный,Huggies,ozon.ru,маркетплейс,11,12
baby care,категорийный,Huggies,market.yandex.ru,маркетплейс,10,11
baby care,категорийный,Huggies,wildberries.ru,маркетплейс,8,9
baby care,категорийный,Huggies,detmir.ru,маркетплейс,5,5
baby care,категорийный,Huggies,vc.ru,обзор,3,3
baby care,категорийный,Huggies,deti.mail.ru,обзор,2,2
baby care,категорийный,Huggies,dtf.ru,обзор,2,2
baby care,категорийный,Huggies,pikabu.ru,обзор,2,2
baby care,категорийный,Huggies,akusherstvo.ru,экспертный ресурс,1,1
baby care,категорийный,Huggies,apteka.ru,перекуп,1,1
baby care,категорийный,Huggies,babyblog.ru,обзор,1,1
baby care,категорийный,Huggies,bestproducts.mail.ru,обзор,1,1
baby care,категорийный,Huggies,dzen.ru,обзор,1,1
baby care,категорийный,Huggies,huggies.az,сайт бренда,1,1
baby care,категорийный,Huggies,lavka.yandex.ru,маркетплейс,1,1
baby care,категорийный,Huggies,lenta.com,перекуп,1,1
baby care,категорийный,Huggies,medaboutme.ru,экспертный ресурс,1,1
baby care,категорийный,Huggies,megamarket.ru,маркетплейс,1,1
baby care,категорийный,Huggies,mk.ru,обзор,1,1
baby care,категорийный,Huggies,momlovesbest.com,обзор,1,1
baby care,категорийный,Huggies,nappyclub.ru,перекуп,1,1
baby care,категорийный,Huggies,ok.ru,форум,1,1
baby care,категорийный,Huggies,online.metro-cc.ru,перекуп,1,1
baby care,категорийный,Huggies,onlinetrade.ru,перекуп,1,1
baby care,категорийный,Huggies,otvet.mail.ru,форум,1,1
baby care,категорийный,Huggies,pikabu.ru,форум,1,1
baby care,категорийный,Huggies,planetazdorovo.ru,перекуп,1,1
baby care,категорийный,Huggies,promo.habr.com,обзор,1,1
baby care,категорийный,Huggies,promokod.pikabu.ru,перекуп,1,1
baby care,категорийный,Huggies,promokodi.net,перекуп,1,1
baby care,категорийный,Huggies,promokodus.com,перекуп,1,1
baby care,категорийный,Huggies,t-j.ru,обзор,1,1
baby care,категорийный,Huggies,uteka.ru,перекуп,1,1
baby care,категорийный,Huggies,votonia.ru,перекуп,1,1
baby care,категорийный,Huggies,zdravcity.ru,перекуп,1,1
baby care,категорийный,Joonies,deti.mail.ru,обзор,2,2
baby care,категорийный,Joonies,pikabu.ru,обзор,2,2
baby care,категорийный,Joonies,vc.ru,обзор,2,2
baby care,категорийный,Joonies,bestproducts.mail.ru,обзор,1,1
baby care,категорийный,Joonies,market.yandex.ru,маркетплейс,1,1
baby care,категорийный,Joonies,ozon.ru,маркетплейс,1,1
baby care,категорийный,Joonies,pikabu.ru,форум,1,1
baby care,категорийный,Joonies,t-j.ru,обзор,1,1
baby care,категорийный,Joonies,wildberries.ru,маркетплейс,1,1
baby care,категорийный,Joonies,www.rbc.ru,обзор,1,1
baby care,категорийный,KIDDO,apteka.ru,перекуп,1,1
baby care,категорийный,KIDDO,comfer.ru,перекуп,1,1
baby care,категорийный,KIDDO,market.yandex.ru,маркетплейс,1,1
baby care,категорийный,KIDDO,www.ozon.ru,маркетплейс,1,1
baby care,категорийный,LOVULAR,market.yandex.ru,маркетплейс,1,1
baby care,категорийный,LOVULAR,ozon.ru,маркетплейс,1,1
baby care,категорийный,LOVULAR,wildberries.ru,маркетплейс,1,1
baby care,категорийный,Little Art,detmir.ru,маркетплейс,1,1
baby care,категорийный,Little Art,market.yandex.ru,маркетплейс,1,1
baby care,категорийный,Little Art,megamarket.ru,маркетплейс,1,1
baby care,категорийный,Little Art,reviews.yandex.ru,форум,1,1
baby care,категорийный,Lovular,bestproducts.mail.ru,обзор,2,2
baby care,категорийный,Lovular,deti.mail.ru,обзор,2,2
baby care,категорийный,Lovular,market.yandex.ru,маркетплейс,2,2
baby care,категорийный,Lovular,ozon.ru,маркетплейс,2,2
baby care,категорийный,Lovular,ccd77.ru,перекуп,1,1
baby care,категорийный,Lovular,onlinetrade.ru,перекуп,1,1
baby care,категорийный,Lovular,wildberries.ru,маркетплейс,1,1
baby care,категорийный,MANU,detmir.ru,маркетплейс,1,1
baby care,категорийный,MANU,megamarket.ru,маркетплейс,1,1
baby care,категорийный,MANU,ozon.ru,маркетплейс,1,1
baby care,категорийный,Merries,vc.ru,обзор,5,5
baby care,категорийный,Merries,deti.mail.ru,обзор,2,2
baby care,категорийный,Merries,dtf.ru,обзор,2,2
baby care,категорийный,Merries,t-j.ru,обзор,2,2
baby care,категорийный,Merries,akusherstvo.ru,экспертный ресурс,1,1
baby care,категорийный,Merries,babyblog.ru,обзор,1,1
baby care,категорийный,Merries,ccd77.ru,перекуп,1,1
baby care,категорийный,Merries,dzen.ru,обзор,1,1
baby care,категорийный,Merries,health.mail.ru,обзор,1,1
baby care,категорийный,Merries,kp.ru,обзор,1,1
baby care,категорийный,Merries,markakachestva.ru,обзор,1,1
baby care,категорийный,Merries,market.yandex.ru,маркетплейс,1,1
baby care,категорийный,Merries,otvet.mail.ru,форум,1,1
baby care,категорийный,Merries,ozon.ru,маркетплейс,1,1
baby care,категорийный,Merries,pikabu.ru,обзор,1,1
baby care,категорийный,Merries,pikabu.ru,форум,1,1
baby care,категорийный,Merries,wildberries.ru,маркетплейс,1,1
baby care,категорийный,Merries,www.kp.ru,обзор,1,1
baby care,категорийный,MoliCare,comfer.ru,перекуп,2,2
baby care,категорийный,MoliCare,market.yandex.ru,маркетплейс,2,2
baby care,категорийный,MoliCare,ozon.ru,маркетплейс,2,2
baby care,категорийный,MoliCare,apteka.ru,перекуп,1,1
baby care,категорийный,MoliCare,wildberries.ru,маркетплейс,1,1
baby care,категорийный,Momi,deti.mail.ru,обзор,1,1
baby care,категорийный,Momi,market.yandex.ru,маркетплейс,1,1
baby care,категорийный,Momi,onlinetrade.ru,перекуп,1,1
baby care,категорийный,Momi,ozon.ru,маркетплейс,1,1
baby care,категорийный,Momi,pikabu.ru,обзор,1,1
baby care,категорийный,Momi,t-j.ru,обзор,1,1
baby care,категорийный,Momi,vc.ru,обзор,1,1
baby care,категорийный,Moony Organic,deti.mail.ru,обзор,1,1
baby care,категорийный,Moony Organic,vc.ru,обзор,1,1
baby care,категорийный,Moony Organic,www.kp.ru,обзор,1,1
baby care,категорийный,Seni,comfer.ru,перекуп,3,3
baby care,категорийный,Seni,market.yandex.ru,маркетплейс,3,3
baby care,категорийный,Seni,ozon.ru,маркетплейс,3,3
baby care,категорийный,Seni,wildberries.ru,маркетплейс,2,2
baby care,категорийный,Seni,akusherstvo.ru,экспертный ресурс,1,1
baby care,категорийный,Seni,apteka.ru,перекуп,1,1
baby care,категорийный,Seni,babyblog.ru,обзор,1,1
baby care,категорийный,Seni,dtf.ru,обзор,1,1
baby care,категорийный,Seni,dzen.ru,обзор,1,1
baby care,категорийный,Seni,otvet.mail.ru,форум,1,1
baby care,категорийный,Seni,planetazdorovo.ru,перекуп,1,1
baby care,категорийный,Senso Med,apteka.ru,перекуп,1,1
baby care,категорийный,Senso Med,comfer.ru,перекуп,1,1
baby care,категорийный,Senso Med,market.yandex.ru,маркетплейс,1,1
baby care,категорийный,Senso Med,www.ozon.ru,маркетплейс,1,1
baby care,категорийный,Super Seni,apteka.ru,перекуп,1,1
baby care,категорийный,Super Seni,comfer.ru,перекуп,1,1
baby care,категорийный,Super Seni,market.yandex.ru,маркетплейс,1,1
baby care,категорийный,Super Seni,www.ozon.ru,маркетплейс,1,1
baby care,категорийный,Tena,comfer.ru,перекуп,3,3
baby care,категорийный,Tena,market.yandex.ru,маркетплейс,3,4
baby care,категорийный,Tena,ozon.ru,маркетплейс,3,3
baby care,категорийный,Tena,wildberries.ru,маркетплейс,2,2
baby care,категорийный,Tena,planetazdorovo.ru,перекуп,1,1
baby care,категорийный,Tereza Med,apteka.ru,перекуп,1,1
baby care,категорийный,Tereza Med,comfer.ru,перекуп,1,1
baby care,категорийный,Tereza Med,market.yandex.ru,маркетплейс,1,1
baby care,категорийный,Tereza Med,ozon.ru,маркетплейс,1,1
baby care,категорийный,Tereza Med,wildberries.ru,маркетплейс,1,1
baby care,категорийный,TerezaMed,comfer.ru,перекуп,2,2
baby care,категорийный,TerezaMed,market.yandex.ru,маркетплейс,2,2
baby care,категорийный,TerezaMed,ozon.ru,маркетплейс,2,2
baby care,категорийный,TerezaMed,planetazdorovo.ru,перекуп,1,1
baby care,категорийный,TerezaMed,wildberries.ru,маркетплейс,1,1
baby care,категорийный,TokiBaby Light,deti.mail.ru,обзор,1,1
baby care,категорийный,TokiBaby Light,vc.ru,обзор,1,1
baby care,категорийный,TokiBaby Light,www.kp.ru,обзор,1,1
baby care,категорийный,Unisoft,apteka.ru,перекуп,1,1
baby care,категорийный,Unisoft,irecommend.ru,форум,1,1
baby care,категорийный,Unisoft,megamarket.ru,маркетплейс,1,1
baby care,категорийный,Unisoft,reviews.yandex.ru,обзор,1,1
baby care,категорийный,YokoSun,akusherstvo.ru,экспертный ресурс,1,1
baby care,категорийный,YokoSun,babyblog.ru,обзор,1,1
baby care,категорийный,YokoSun,detmir.ru,маркетплейс,1,1
baby care,категорийный,YokoSun,dtf.ru,обзор,1,1
baby care,категорийный,YokoSun,dzen.ru,обзор,1,1
baby care,категорийный,YokoSun,market.yandex.ru,маркетплейс,1,1
baby care,категорийный,YokoSun,nappyclub.ru,перекуп,1,1
baby care,категорийный,YokoSun,otvet.mail.ru,форум,1,1
baby care,категорийный,YokoSun,ozon.ru,маркетплейс,1,1
baby care,категорийный,YokoSun,pikabu.ru,форум,1,1
baby care,категорийный,YokoSun,vc.ru,обзор,1,1
baby care,категорийный,YokoSun,wildberries.ru,маркетплейс,1,1
baby care,категорийный,YokoSun (и другие конкуренты),deti.mail.ru,обзор,1,1
baby care,категорийный,Ама Мама,irecommend.ru,форум,1,1
baby care,категорийный,Ама Мама,otzovik.com,форум,1,1
baby care,категорийный,Ама Мама,ozon.ru,маркетплейс,1,1
baby care,категорийный,Красная цена,irecommend.ru,форум,1,1
baby care,категорийный,Красная цена,megamarket.ru,маркетплейс,1,1
baby care,категорийный,Красная цена,otzovik.com,форум,1,1
baby care,категорийный,Лента,apteka.ru,перекуп,1,1
baby care,категорийный,Лента,irecommend.ru,форум,1,1
baby care,категорийный,Лента,megamarket.ru,маркетплейс,1,1
baby care,категорийный,Лента,reviews.yandex.ru,обзор,1,1
baby care,категорийный,Мапсики,market.yandex.ru,маркетплейс,1,1
baby care,категорийный,Мапсики,ozon.ru,маркетплейс,1,1
baby care,категорийный,Мапсики,planetazdorovo.ru,перекуп,1,1
baby care,категорийный,Мапсики,wildberries.ru,маркетплейс,1,1
baby care,категорийный,ЭлараHealth,apteka.ru,перекуп,1,1
baby care,категорийный,ЭлараHealth,irecommend.ru,форум,1,1
baby care,категорийный,ЭлараHealth,megamarket.ru,маркетплейс,1,1
baby care,категорийный,ЭлараHealth,reviews.yandex.ru,обзор,1,1
baby care,категорийный,не указаны,apteka.ru,перекуп,1,1
baby care,категорийный,не указаны,gorzdrav.org,перекуп,1,1
baby care,категорийный,не указаны,ozerki.ru,перекуп,1,1
baby care,категорийный,не указаны,spb.uteka.ru,перекуп,1,1
baby care,категорийный,не указаны,vitaexpress.ru,перекуп,1,1
baby care,консультационный,HanaMaru,babyblog.ru,форум,1,1
baby care,консультационный,HanaMaru,forum.baby.ru,форум,1,1
baby care,консультационный,HanaMaru,vc.ru,обзор,1,1
baby care,консультационный,Huggies,deti.mail.ru,обзор,9,9
baby care,консультационный,Huggies,vc.ru,обзор,9,9
baby care,консультационный,Huggies,kp.ru,обзор,4,5
baby care,консультационный,Huggies,ozon.ru,маркетплейс,3,3
baby care,консультационный,Huggies,pikabu.ru,обзор,3,3
baby care,консультационный,Huggies,pikabu.ru,форум,3,3
baby care,консультационный,Huggies,t-j.ru,обзор,3,3
baby care,консультационный,Huggies,babyblog.ru,форум,2,2
baby care,консультационный,Huggies,dtf.ru,обзор,2,2
baby care,консультационный,Huggies,huggies.ru,сайт бренда,2,2
baby care,консультационный,Huggies,tekhnik.top,обзор,2,2
baby care,консультационный,Huggies,apteka.ru,перекуп,1,1
baby care,консультационный,Huggies,bestproducts.mail.ru,обзор,1,1
baby care,консультационный,Huggies,detmir.ru,маркетплейс,1,1
baby care,консультационный,Huggies,dzen.ru,обзор,1,1
baby care,консультационный,Huggies,forum.baby.ru,форум,1,1
baby care,консультационный,Huggies,health.mail.ru,обзор,1,1
baby care,консультационный,Huggies,huggies.kg,сайт бренда,1,1
baby care,консультационный,Huggies,irecommend.ru,форум,1,1
baby care,консультационный,Huggies,kmmedcenter.com,экспертный ресурс,1,1
baby care,консультационный,Huggies,markakachestva.ru,обзор,1,1
baby care,консультационный,Huggies,market.yandex.ru,маркетплейс,1,1
baby care,консультационный,Huggies,medaboutme.ru,экспертный ресурс,1,1
baby care,консультационный,Huggies,megamarket.ru,маркетплейс,1,1
baby care,консультационный,Huggies,megapteka.ru,перекуп,1,1
baby care,консультационный,Huggies,momlovesbest.com,обзор,1,1
baby care,консультационный,Huggies,sima-land.ru,перекуп,1,1
baby care,консультационный,Huggies,tenchat.ru,обзор,1,1
baby care,консультационный,Huggies,vk.com,форум,1,1
baby care,консультационный,JOONIES,vc.ru,обзор,2,2
baby care,консультационный,JOONIES,babyblog.ru,форум,1,1
baby care,консультационный,JOONIES,forum.baby.ru,форум,1,1
baby care,консультационный,JOONIES,tekhnik.top,обзор,1,1
baby care,консультационный,JOONIES,tenchat.ru,обзор,1,1
baby care,консультационный,Joonies,t-j.ru,обзор,6,6
baby care,консультационный,Joonies,vc.ru,обзор,6,6
baby care,консультационный,Joonies,deti.mail.ru,обзор,5,5
baby care,консультационный,Joonies,kp.ru,обзор,2,3
baby care,консультационный,Joonies,pikabu.ru,обзор,2,2
baby care,консультационный,Joonies,pikabu.ru,форум,2,2
baby care,консультационный,Joonies,babyblog.ru,форум,1,1
baby care,консультационный,Joonies,detmir.ru,маркетплейс,1,1
baby care,консультационный,Joonies,dtf.ru,обзор,1,1
baby care,консультационный,Joonies,edadeal.ru,обзор,1,1
baby care,консультационный,Joonies,health.mail.ru,обзор,1,1
baby care,консультационный,Joonies,irecommend.ru,форум,1,1
baby care,консультационный,Joonies,joonies.ru,сайт бренда,1,1
baby care,консультационный,Joonies,megapteka.ru,перекуп,1,1
baby care,консультационный,KIOSHI,babyblog.ru,форум,1,1
baby care,консультационный,KIOSHI,forum.baby.ru,форум,1,1
baby care,консультационный,KIOSHI,vc.ru,обзор,1,1
baby care,консультационный,Kiddy,bestproducts.mail.ru,обзор,1,1
baby care,консультационный,Kiddy,deti.mail.ru,обзор,1,1
baby care,консультационный,Lovular,bestproducts.mail.ru,обзор,2,2
baby care,консультационный,Lovular,deti.mail.ru,обзор,2,2
baby care,консультационный,Lovular,health.mail.ru,обзор,1,1
baby care,консультационный,Lovular,kp.ru,обзор,1,1
baby care,консультационный,Lovular,markakachestva.ru,обзор,1,1
baby care,консультационный,Manu,detmir.ru,маркетплейс,1,1
baby care,консультационный,Manu,megamarket.ru,маркетплейс,1,1
baby care,консультационный,Manu,otzovik.com,форум,1,1
baby care,консультационный,Mepsi,bestproducts.mail.ru,обзор,1,1
baby care,консультационный,Mepsi,deti.mail.ru,обзор,1,1
baby care,консультационный,Merries,vc.ru,обзор,12,12
baby care,консультационный,Merries,deti.mail.ru,обзор,8,8
baby care,консультационный,Merries,dtf.ru,обзор,3,3
baby care,консультационный,Merries,t-j.ru,обзор,3,3
baby care,консультационный,Merries,health.mail.ru,обзор,2,2
baby care,консультационный,Merries,pikabu.ru,обзор,2,2
baby care,консультационный,Merries,pikabu.ru,форум,2,2
baby care,консультационный,Merries,babyblog.ru,форум,1,1
baby care,консультационный,Merries,edadeal.ru,обзор,1,1
baby care,консультационный,Merries,forum.baby.ru,форум,1,1
baby care,консультационный,Merries,kp.ru,обзор,1,1
baby care,консультационный,Merries,markakachestva.ru,обзор,1,1
baby care,консультационный,Merries,megapteka.ru,перекуп,1,1
baby care,консультационный,Merries,sima-land.ru,перекуп,1,1
baby care,консультационный,Merries,tekhnik.top,обзор,1,1
baby care,консультационный,Merries,tenchat.ru,обзор,1,1
baby care,консультационный,Merries,www.kp.ru,обзор,1,1
baby care,консультационный,Merries,www.sima-land.ru,обзор,1,1
baby care,консультационный,Momi,deti.mail.ru,обзор,4,4
baby care,консультационный,Momi,bestproducts.mail.ru,обзор,1,1
baby care,консультационный,Momi,detmir.ru,маркетплейс,1,1
baby care,консультационный,Momi,health.mail.ru,обзор,1,1
baby care,консультационный,Momi,megamarket.ru,маркетплейс,1,1
baby care,консультационный,Momi,ozon.ru,маркетплейс,1,1
baby care,консультационный,Momi,pikabu.ru,форум,1,1
baby care,консультационный,Momi,vc.ru,обзор,1,1
baby care,консультационный,Moony,kp.ru,обзор,1,2
baby care,консультационный,Moony,tekhnik.top,обзор,1,1
baby care,консультационный,Mustela,boobl-goom.ru,обзор,1,1
baby care,консультационный,Mustela,mustela-ru.com,сайт бренда,1,1
baby care,консультационный,Seni,edadeal.ru,обзор,1,1
baby care,консультационный,Seni,market.yandex.ru,маркетплейс,1,1
baby care,консультационный,Seni,planetazdorovo.ru,перекуп,1,1
baby care,консультационный,Seni,wildberries.ru,маркетплейс,1,1
baby care,консультационный,Tena,health.mail.ru,обзор,1,1
baby care,консультационный,Tena,megapteka.ru,перекуп,1,1
baby care,консультационный,Tena,vc.ru,обзор,1,1
baby care,консультационный,TerezaMed,deti.mail.ru,обзор,1,1
baby care,консультационный,TerezaMed,health.mail.ru,обзор,1,1
baby care,консультационный,TokiBaby,kp.ru,обзор,1,2
baby care,консультационный,TokiBaby,tekhnik.top,обзор,1,1
baby care,консультационный,YokoSun,vc.ru,обзор,8,8
baby care,консультационный,YokoSun,deti.mail.ru,обзор,5,5
baby care,консультационный,YokoSun,pikabu.ru,форум,3,3
baby care,консультационный,YokoSun,t-j.ru,обзор,3,3
baby care,консультационный,YokoSun,health.mail.ru,обзор,2,2
baby care,консультационный,YokoSun,megapteka.ru,перекуп,2,2
baby care,консультационный,YokoSun,pikabu.ru,обзор,2,2
baby care,консультационный,YokoSun,babyblog.ru,форум,1,1
baby care,консультационный,YokoSun,detmir.ru,маркетплейс,1,1
baby care,консультационный,YokoSun,dtf.ru,обзор,1,1
baby care,консультационный,YokoSun,forum.baby.ru,форум,1,1
baby care,консультационный,YokoSun,irecommend.ru,форум,1,1
baby care,консультационный,YokoSun,sima-land.ru,перекуп,1,1
baby care,консультационный,YokoSun,tekhnik.top,обзор,1,1
baby care,консультационный,YokoSun,tenchat.ru,обзор,1,1
baby care,консультационный,бренды не упомянуты,edadeal.ru,обзор,1,1
baby care,консультационный,бренды не упомянуты,megapteka.ru,перекуп,1,1
baby care,сравнительный,BRAND FOR MY SON,deti.mail.ru,обзор,1,1
baby care,сравнительный,BRAND FOR MY SON,www.huggies.uz,сайт бренда,1,1
baby care,сравнительный,Huggies,deti.mail.ru,обзор,10,10
baby care,сравнительный,Huggies,vc.ru,обзор,3,3
baby care,сравнительный,Huggies,dtf.ru,обзор,2,2
baby care,сравнительный,Huggies,dzen.ru,обзор,2,2
baby care,сравнительный,Huggies,market.yandex.ru,маркетплейс,2,2
baby care,сравнительный,Huggies,megamarket.ru,маркетплейс,2,2
baby care,сравнительный,Huggies,ozon.ru,маркетплейс,2,2
baby care,сравнительный,Huggies,pikabu.ru,обзор,2,2
baby care,сравнительный,Huggies,baby.ru,обзор,1,1
baby care,сравнительный,Huggies,babyblog.ru,обзор,1,1
baby care,сравнительный,Huggies,babyblog.ru,форум,1,1
baby care,сравнительный,Huggies,bestproducts.mail.ru,обзор,1,1
baby care,сравнительный,Huggies,c9m.ru,экспертный ресурс,1,1
baby care,сравнительный,Huggies,edadeal.ru,обзор,1,1
baby care,сравнительный,Huggies,huggies.ru,сайт бренда,1,1
baby care,сравнительный,Huggies,markakachestva.ru,обзор,1,1
baby care,сравнительный,Huggies,otzovik.com,форум,1,1
baby care,сравнительный,Huggies,pikabu.ru,форум,1,1
baby care,сравнительный,Huggies,t-j.ru,обзор,1,1
baby care,сравнительный,Huggies,tekhnik.top,обзор,1,1
baby care,сравнительный,Huggies,tenchat.ru,обзор,1,1
baby care,сравнительный,Huggies,vk.com,обзор,1,1
baby care,сравнительный,Huggies,www.huggies.uz,сайт бренда,1,1
baby care,сравнительный,Huggies,www.rbc.ru,обзор,1,1
baby care,сравнительный,JOONIES,tekhnik.top,обзор,1,1
baby care,сравнительный,JOONIES,tenchat.ru,обзор,1,1
baby care,сравнительный,JOONIES,vc.ru,обзор,1,1
baby care,сравнительный,Joonies,deti.mail.ru,обзор,4,5
baby care,сравнительный,Joonies,t-j.ru,обзор,4,4
baby care,сравнительный,Joonies,dtf.ru,обзор,2,2
baby care,сравнительный,Joonies,market.yandex.ru,маркетплейс,2,2
baby care,сравнительный,Joonies,pikabu.ru,форум,2,2
baby care,сравнительный,Joonies,huggies.ru,сайт бренда,1,1
baby care,сравнительный,Joonies,megapteka.ru,перекуп,1,1
baby care,сравнительный,Joonies,pikabu.ru,обзор,1,1
baby care,сравнительный,Joonies,vc.ru,обзор,1,1
baby care,сравнительный,Joonies,www.rbc.ru,обзор,1,1
baby care,сравнительный,Junion Care,deti.mail.ru,обзор,1,1
baby care,сравнительный,Junion Care,pikabu.ru,форум,1,1
baby care,сравнительный,Junion Care,t-j.ru,обзор,1,1
baby care,сравнительный,Kiddy,bestproducts.mail.ru,обзор,1,1
baby care,сравнительный,Kiddy,deti.mail.ru,обзор,1,1
baby care,сравнительный,Kiddy,vc.ru,обзор,1,1
baby care,сравнительный,Lovular,deti.mail.ru,обзор,7,7
baby care,сравнительный,Lovular,bestproducts.mail.ru,обзор,4,4
baby care,сравнительный,Lovular,vc.ru,обзор,3,3
baby care,сравнительный,Lovular,pikabu.ru,обзор,2,2
baby care,сравнительный,Lovular,baby.ru,обзор,1,1
baby care,сравнительный,Lovular,babyblog.ru,обзор,1,1
baby care,сравнительный,Lovular,babyblog.ru,форум,1,1
baby care,сравнительный,Lovular,markakachestva.ru,обзор,1,1
baby care,сравнительный,Lovular,ozon.ru,маркетплейс,1,1
baby care,сравнительный,Lovular,vk.com,обзор,1,1
baby care,сравнительный,Mepsi,deti.mail.ru,обзор,2,2
baby care,сравнительный,Mepsi,bestproducts.mail.ru,обзор,1,1
baby care,сравнительный,Mepsi,pikabu.ru,форум,1,1
baby care,сравнительный,Mepsi,t-j.ru,обзор,1,1
baby care,сравнительный,Mepsi,vc.ru,обзор,1,1
baby care,сравнительный,Merries,deti.mail.ru,обзор,5,5
baby care,сравнительный,Merries,vc.ru,обзор,4,4
baby care,сравнительный,Merries,dtf.ru,обзор,2,2
baby care,сравнительный,Merries,pikabu.ru,обзор,2,2
baby care,сравнительный,Merries,t-j.ru,обзор,2,2
baby care,сравнительный,Merries,babyblog.ru,форум,1,1
baby care,сравнительный,Merries,bestproducts.mail.ru,обзор,1,1
baby care,сравнительный,Merries,market.yandex.ru,маркетплейс,1,1
baby care,сравнительный,Merries,megapteka.ru,перекуп,1,1
baby care,сравнительный,Merries,tekhnik.top,обзор,1,1
baby care,сравнительный,Merries,tenchat.ru,обзор,1,1
baby care,сравнительный,Merries,vk.com,обзор,1,1
baby care,сравнительный,Merries,www.rbc.ru,обзор,1,1
baby care,сравнительный,Momi,deti.mail.ru,обзор,6,6
baby care,сравнительный,Momi,bestproducts.mail.ru,обзор,3,3
baby care,сравнительный,Momi,vc.ru,обзор,3,3
baby care,сравнительный,Momi,babyblog.ru,форум,1,1
baby care,сравнительный,Momi,dtf.ru,обзор,1,1
baby care,сравнительный,Momi,pikabu.ru,обзор,1,1
baby care,сравнительный,Momi,pikabu.ru,форум,1,1
baby care,сравнительный,Momi,vk.com,обзор,1,1
baby care,сравнительный,Moony,deti.mail.ru,обзор,1,1
baby care,сравнительный,Moony,pikabu.ru,форум,1,1
baby care,сравнительный,Moony,t-j.ru,обзор,1,1
baby care,сравнительный,Natura Siberica,deti.mail.ru,обзор,2,2
baby care,сравнительный,Natura Siberica,www.huggies.uz,сайт бренда,2,2
baby care,сравнительный,Natura Siberica,megapteka.ru,перекуп,1,1
baby care,сравнительный,SYNERGETIC,deti.mail.ru,обзор,1,1
baby care,сравнительный,SYNERGETIC,www.huggies.uz,сайт бренда,1,1
baby care,сравнительный,Sanosan,deti.mail.ru,обзор,1,1
baby care,сравнительный,Sanosan,www.huggies.uz,сайт бренда,1,1
baby care,сравнительный,Sanosan Baby,deti.mail.ru,обзор,1,1
baby care,сравнительный,Sanosan Baby,megapteka.ru,перекуп,1,1
baby care,сравнительный,Sanosan Baby,www.huggies.uz,сайт бренда,1,1
baby care,сравнительный,Topicrem,deti.mail.ru,обзор,1,1
baby care,сравнительный,Topicrem,www.huggies.uz,сайт бренда,1,1
baby care,сравнительный,Weleda,deti.mail.ru,обзор,2,2
baby care,сравнительный,Weleda,www.huggies.uz,сайт бренда,2,2
baby care,сравнительный,Weleda,megapteka.ru,перекуп,1,1
baby care,сравнительный,YokoSun,deti.mail.ru,обзор,3,3
baby care,сравнительный,YokoSun,vc.ru,обзор,3,3
baby care,сравнительный,YokoSun,dtf.ru,обзор,2,2
baby care,сравнительный,YokoSun,t-j.ru,обзор,2,2
baby care,сравнительный,YokoSun,market.yandex.ru,маркетплейс,1,1
baby care,сравнительный,YokoSun,megapteka.ru,перекуп,1,1
baby care,сравнительный,YokoSun,pikabu.ru,обзор,1,1
baby care,сравнительный,YokoSun,tekhnik.top,обзор,1,1
baby care,сравнительный,YokoSun,tenchat.ru,обзор,1,1
baby care,сравнительный,YokoSun,www.rbc.ru,обзор,1,1
baby care,сравнительный,Бепантен,edadeal.ru,обзор,1,1
baby care,сравнительный,Бепантен,megapteka.ru,перекуп,1,1
baby care,сравнительный,Бепантен,stolichki.ru,перекуп,1,1
baby care,сравнительный,Ла-Кри,deti.mail.ru,обзор,1,1
baby care,сравнительный,Ла-Кри,www.huggies.uz,сайт бренда,1,1
hair care,категорийный,AMBREE Professional,altaitmag.ru,перекуп,1,1
hair care,категорийный,AMBREE Professional,letu.ru,перекуп,1,1
hair care,категорийный,AMBREE Professional,market.yandex.ru,маркетплейс,1,1
hair care,категорийный,AMBREE Professional,ozon.ru,маркетплейс,1,2
hair care,категорийный,AMBREE Professional,wildberries.ru,маркетплейс,1,1
hair care,категорийный,ARAVIA,kp.ru,обзор,2,2
hair care,категорийный,ARAVIA,lady.mail.ru,обзор,2,2
hair care,категорийный,ARAVIA,ozon.ru,маркетплейс,1,1
hair care,категорийный,ARAVIA,vc.ru,обзор,1,1
hair care,категорийный,ARAVIA Professional,goldapple.ru,перекуп,2,2
hair care,категорийный,ARAVIA Professional,ozon.ru,маркетплейс,2,2
hair care,категорийный,ARAVIA Professional,wildberries.ru,маркетплейс,2,2
hair care,категорийный,ARAVIA Professional,apteka.ru,перекуп,1,1
hair care,категорийный,ARAVIA Professional,letu.ru,перекуп,1,1
hair care,категорийный,ARAVIA Professional,market.yandex.ru,маркетплейс,1,1
hair care,категорийный,ARAVIA Professional,poryadok.ru,перекуп,1,1
hair care,категорийный,Alerana,bestproducts.mail.ru,обзор,1,1
hair care,категорийный,Alerana,kp.ru,обзор,1,1
hair care,категорийный,Alerana,lady.mail.ru,обзор,1,1
hair care,категорийный,Alerana,ozon.ru,маркетплейс,1,1
hair care,категорийный,BAZE,altaitmag.ru,перекуп,1,1
hair care,категорийный,BAZE,letu.ru,перекуп,1,1
hair care,категорийный,BAZE,market.yandex.ru,маркетплейс,1,1
hair care,категорийный,BAZE,ozon.ru,маркетплейс,1,2
hair care,категорийный,BAZE,wildberries.ru,маркетплейс,1,1
hair care,категорийный,BYPHASSE,lady.mail.ru,обзор,2,2
hair care,категорийный,BYPHASSE,letu.ru,обзор,2,2
hair care,категорийный,BYPHASSE,dzen.ru,обзор,1,1
hair care,категорийный,BYPHASSE,stolichki.ru,перекуп,1,1
hair care,категорийный,BYPHASSE,tekhnik.top,обзор,1,1
hair care,категорийный,BYPHASSE,vc.ru,обзор,1,1
hair care,категорийный,BYPHASSE,www.nbcnews.com,обзор,1,1
hair care,категорийный,Biofollica,biofollica.ru,сайт бренда,1,1
hair care,категорийный,Biofollica,letu.ru,перекуп,1,1
hair care,категорийный,Biofollica,market.yandex.ru,маркетплейс,1,1
hair care,категорийный,Biofollica,ozon.ru,маркетплейс,1,1
hair care,категорийный,Biofollica,wildberries.ru,маркетплейс,1,1
hair care,категорийный,Blonde,altaitmag.ru,перекуп,1,1
hair care,категорийный,Blonde,letu.ru,перекуп,1,1
hair care,категорийный,Blonde,market.yandex.ru,маркетплейс,1,1
hair care,категорийный,Blonde,ozon.ru,маркетплейс,1,2
hair care,категорийный,Blonde,wildberries.ru,маркетплейс,1,1
hair care,категорийный,Booby Blue,apteka.ru,перекуп,1,1
hair care,категорийный,Booby Blue,goldapple.ru,перекуп,1,1
hair care,категорийный,Booby Blue,ozon.ru,маркетплейс,1,1
hair care,категорийный,Booby Blue,poryadok.ru,перекуп,1,1
hair care,категорийный,Booby Blue,wildberries.ru,маркетплейс,1,1
hair care,категорийный,CHI,kp.ru,обзор,1,1
hair care,категорийный,CHI,lady.mail.ru,обзор,1,1
hair care,категорийный,CHI,ozon.ru,маркетплейс,1,1
hair care,категорийный,COLLISTAR,dzen.ru,обзор,1,1
hair care,категорийный,COLLISTAR,lady.mail.ru,обзор,1,1
hair care,категорийный,COLLISTAR,letu.ru,обзор,1,1
hair care,категорийный,COLLISTAR,stolichki.ru,перекуп,1,1
hair care,категорийный,COLLISTAR,tekhnik.top,обзор,1,1
hair care,категорийный,CONSTANT DELIGHT,altaitmag.ru,перекуп,1,1
hair care,категорийный,CONSTANT DELIGHT,letu.ru,перекуп,1,1
hair care,категорийный,CONSTANT DELIGHT,market.yandex.ru,маркетплейс,1,1
hair care,категорийный,CONSTANT DELIGHT,ozon.ru,маркетплейс,1,2
hair care,категорийный,CONSTANT DELIGHT,wildberries.ru,маркетплейс,1,1
hair care,категорийный,COSLYS,byrdie.com,обзор,1,1
hair care,категорийный,COSLYS,kp.ru,обзор,1,1
hair care,категорийный,COSLYS,lady.mail.ru,обзор,1,1
hair care,категорийный,COSLYS,megapteka.ru,перекуп,1,1
hair care,категорийный,Chandi,apteka.ru,перекуп,1,1
hair care,категорийный,Chandi,goldapple.ru,маркетплейс,1,1
hair care,категорийный,Chandi,irecommend.ru,форум,1,1
hair care,категорийный,Clear,vc.ru,обзор,2,2
hair care,категорийный,Clear,health.mail.ru,экспертный ресурс,1,1
hair care,категорийный,Clear,ihc-russia.ru,экспертный ресурс,1,1
hair care,категорийный,Clear,lamoda.ru,обзор,1,1
hair care,категорийный,Clear,stolichki.ru,обзор,1,1
hair care,категорийный,Concept,goldapple.ru,маркетплейс,1,1
hair care,категорийный,Concept,market.yandex.ru,маркетплейс,1,1
hair care,категорийный,Concept,ozon.ru,маркетплейс,1,1
hair care,категорийный,Concept,rivegauche.ru,маркетплейс,1,1
hair care,категорийный,Concept,wildberries.ru,маркетплейс,1,1
hair care,категорийный,Crystal Chamomile & Green Tea,byrdie.com,обзор,1,1
hair care,категорийный,Crystal Chamomile & Green Tea,kp.ru,обзор,1,1
hair care,категорийный,Crystal Chamomile & Green Tea,lady.mail.ru,обзор,1,1
hair care,категорийный,Crystal Chamomile & Green Tea,megapteka.ru,перекуп,1,1
hair care,категорийный,Cutrin,kp.ru,обзор,1,1
hair care,категорийный,Cutrin,lady.mail.ru,обзор,1,1
hair care,категорийный,Cutrin,ozon.ru,маркетплейс,1,1
hair care,категорийный,DEXCLUSIVE Men,market.yandex.ru,маркетплейс,1,2
hair care,категорийный,DEXCLUSIVE Men,ozon.ru,маркетплейс,1,2
hair care,категорийный,DEXCLUSIVE Men,reviews.yandex.ru,маркетплейс,1,1
hair care,категорийный,Dercos (Vichy),ihc-russia.ru,экспертный ресурс,1,1
hair care,категорийный,Dercos (Vichy),lamoda.ru,обзор,1,1
hair care,категорийный,Dercos (Vichy),stolichki.ru,обзор,1,1
hair care,категорийный,Dove,lady.mail.ru,обзор,2,2
hair care,категорийный,Dove,market.yandex.ru,маркетплейс,2,2
hair care,категорийный,Dove,ozon.ru,маркетплейс,2,2
hair care,категорийный,Dove,randewoo.ru,перекуп,2,2
hair care,категорийный,Dove,5ka.ru,перекуп,1,1
hair care,категорийный,Dove,fitomarket.ru,перекуп,1,1
hair care,категорийный,Dove,kp.ru,обзор,1,1
hair care,категорийный,Dove,perekrestok.ru,перекуп,1,1
hair care,категорийный,Dove,proficosmetics.ru,перекуп,1,1
hair care,категорийный,Dove,rivegauche.ru,перекуп,1,1
hair care,категорийный,Dove,tekhnik.top,обзор,1,1
hair care,категорийный,Dove,wildberries.ru,маркетплейс,1,1
hair care,категорийный,Dove,www.kp.ru,обзор,1,1
hair care,категорийный,EO Laboratorie,dzen.ru,обзор,1,1
hair care,категорийный,EO Laboratorie,lady.mail.ru,обзор,1,1
hair care,категорийный,EO Laboratorie,letu.ru,обзор,1,1
hair care,категорийный,EO Laboratorie,stolichki.ru,перекуп,1,1
hair care,категорийный,EO Laboratorie,tekhnik.top,обзор,1,1
hair care,категорийный,ESTEL,market.yandex.ru,маркетплейс,5,5
hair care,категорийный,ESTEL,ozon.ru,маркетплейс,5,5
hair care,категорийный,ESTEL,goldapple.ru,перекуп,2,2
hair care,категорийный,ESTEL,wildberries.ru,маркетплейс,2,2
hair care,категорийный,ESTEL,5ka.ru,перекуп,1,1
hair care,категорийный,ESTEL,beloris.ru,перекуп,1,1
hair care,категорийный,ESTEL,detmir.ru,маркетплейс,1,1
hair care,категорийный,ESTEL,eapteka.ru,перекуп,1,1
hair care,категорийный,ESTEL,goldapple.ru,маркетплейс,1,1
hair care,категорийный,ESTEL,irecommend.ru,форум,1,1
hair care,категорийный,ESTEL,kapous.ru,обзор,1,1
hair care,категорийный,ESTEL,kapous.ru,сайт бренда,1,1
hair care,категорийный,ESTEL,lady.mail.ru,обзор,1,1
hair care,категорийный,ESTEL,megamarket.ru,маркетплейс,1,1
hair care,категорийный,ESTEL,perekrestok.ru,перекуп,1,1
hair care,категорийный,ESTEL,proficosmetics.ru,перекуп,1,1
hair care,категорийный,ESTEL,randewoo.ru,перекуп,1,1
hair care,категорийный,ESTEL,rivegauche.ru,маркетплейс,1,1
hair care,категорийный,ESTEL,rivegauche.ru,перекуп,1,1
hair care,категорийный,Ecolatier,lady.mail.ru,обзор,1,1
hair care,категорийный,Ecolatier,lavka.yandex.ru,маркетплейс,1,1
hair care,категорийный,Ecolatier,market.yandex.ru,маркетплейс,1,1
hair care,категорийный,Ecolatier,ozon.ru,маркетплейс,1,1
hair care,категорийный,Ecolatier,rivegauche.ru,обзор,1,1
hair care,категорийный,Ecolatier,wildberries.ru,маркетплейс,1,1
hair care,категорийный,Estel,altaitmag.ru,перекуп,1,1
hair care,категорийный,Estel,bestproducts.mail.ru,обзор,1,1
hair care,категорийный,Estel,letu.ru,перекуп,1,1
hair care,категорийный,Estel,market.yandex.ru,маркетплейс,1,1
hair care,категорийный,Estel,ozon.ru,маркетплейс,1,2
hair care,категорийный,Estel,wildberries.ru,маркетплейс,1,1
hair care,категорийный,Garnier Fructis,apteka.ru,перекуп,1,1
hair care,категорийный,Garnier Fructis,goldapple.ru,перекуп,1,1
hair care,категорийный,Garnier Fructis,ozon.ru,маркетплейс,1,1
hair care,категорийный,Garnier Fructis,poryadok.ru,перекуп,1,1
hair care,категорийный,Garnier Fructis,wildberries.ru,маркетплейс,1,1
hair care,категорийный,HAIR LOGIC,altaitmag.ru,перекуп,1,1
hair care,категорийный,HAIR LOGIC,letu.ru,перекуп,1,1
hair care,категорийный,HAIR LOGIC,market.yandex.ru,маркетплейс,1,1
hair care,категорийный,HAIR LOGIC,ozon.ru,маркетплейс,1,2
hair care,категорийный,HAIR LOGIC,wildberries.ru,маркетплейс,1,1
hair care,категорийный,HAPPY HAIR Professional,dzen.ru,обзор,1,1
hair care,категорийный,HAPPY HAIR Professional,kp.ru,обзор,1,1
hair care,категорийный,HAPPY HAIR Professional,lady.mail.ru,обзор,1,1
hair care,категорийный,HAPPY HAIR Professional,randewoo.ru,обзор,1,1
hair care,категорийный,Hair Company Professional,market.yandex.ru,маркетплейс,1,1
hair care,категорийный,Hair Company Professional,ozon.ru,маркетплейс,1,1
hair care,категорийный,Hair Company Professional,rivegauche.ru,перекуп,1,1
hair care,категорийный,IRIDAPRO CLEAN,apteka.ru,перекуп,1,1
hair care,категорийный,IRIDAPRO CLEAN,goldapple.ru,перекуп,1,1
hair care,категорийный,IRIDAPRO CLEAN,ozon.ru,маркетплейс,1,1
hair care,категорийный,IRIDAPRO CLEAN,poryadok.ru,перекуп,1,1
hair care,категорийный,IRIDAPRO CLEAN,wildberries.ru,маркетплейс,1,1
hair care,категорийный,Insight Professional,apteka.ru,перекуп,1,1
hair care,категорийный,Insight Professional,goldapple.ru,маркетплейс,1,1
hair care,категорийный,Insight Professional,irecommend.ru,форум,1,1
hair care,категорийный,JUST HAIR,goldapple.ru,перекуп,1,1
hair care,категорийный,JUST HAIR,letu.ru,перекуп,1,1
hair care,категорийный,JUST HAIR,market.yandex.ru,маркетплейс,1,1
hair care,категорийный,JUST HAIR,ozon.ru,маркетплейс,1,1
hair care,категорийный,JUST HAIR,wildberries.ru,маркетплейс,1,1
hair care,категорийный,KANS,apteka.ru,перекуп,1,1
hair care,категорийный,KANS,goldapple.ru,маркетплейс,1,1
hair care,категорийный,KANS,irecommend.ru,форум,1,1
hair care,категорийный,KLEONA,kleona.com,сайт бренда,1,1
hair care,категорийный,KLEONA,letu.ru,перекуп,1,1
hair care,категорийный,KLEONA,market.yandex.ru,маркетплейс,1,1
hair care,категорийный,KLEONA,uteka.ru,перекуп,1,1
hair care,категорийный,Kapous,market.yandex.ru,маркетплейс,2,3
hair care,категорийный,Kapous,ozon.ru,маркетплейс,2,4
hair care,категорийный,Kapous,altaitmag.ru,перекуп,1,1
hair care,категорийный,Kapous,letu.ru,перекуп,1,1
hair care,категорийный,Kapous,reviews.yandex.ru,маркетплейс,1,1
hair care,категорийный,Kapous,wildberries.ru,маркетплейс,1,1
hair care,категорийный,Kerastase,dtf.ru,обзор,1,1
hair care,категорийный,Kerastase,kp.ru,обзор,1,1
hair care,категорийный,Kerastase,lady.mail.ru,обзор,1,1
hair care,категорийный,Kleona,apteka.ru,перекуп,1,1
hair care,категорийный,Kleona,goldapple.ru,маркетплейс,1,1
hair care,категорийный,Kleona,irecommend.ru,форум,1,1
hair care,категорийный,L'Occitane,lady.mail.ru,обзор,1,1
hair care,категорийный,L'Occitane,lavka.yandex.ru,маркетплейс,1,1
hair care,категорийный,L'Occitane,market.yandex.ru,маркетплейс,1,1
hair care,категорийный,L'Occitane,ozon.ru,маркетплейс,1,1
hair care,категорийный,L'Occitane,rivegauche.ru,обзор,1,1
hair care,категорийный,L'Occitane,wildberries.ru,маркетплейс,1,1
hair care,категорийный,L'Occitane Homme,market.yandex.ru,маркетплейс,1,1
hair care,категорийный,L'Occitane Homme,ozon.ru,маркетплейс,1,1
hair care,категорийный,L'Occitane Homme,parfum-lider.ru,перекуп,1,1
hair care,категорийный,L'Occitane Homme,rivegauche.ru,перекуп,1,1
hair care,категорийный,L'Occitane Homme,wildberries.ru,маркетплейс,1,1
hair care,категорийный,L'Oreal,lady.mail.ru,обзор,4,4
hair care,категорийный,L'Oreal,kp.ru,обзор,2,2
hair care,категорийный,L'Oreal,market.yandex.ru,маркетплейс,2,2
hair care,категорийный,L'Oreal,dtf.ru,обзор,1,1
hair care,категорийный,L'Oreal,dzen.ru,обзор,1,1
hair care,категорийный,L'Oreal,kapous.ru,обзор,1,1
hair care,категорийный,L'Oreal,media.halvacard.ru,обзор,1,1
hair care,категорийный,L'Oreal,ozon.ru,маркетплейс,1,1
hair care,категорийный,LADOR,kleona.com,сайт бренда,1,1
hair care,категорийный,LADOR,letu.ru,перекуп,1,1
hair care,категорийный,LADOR,market.yandex.ru,маркетплейс,1,1
hair care,категорийный,LADOR,uteka.ru,перекуп,1,1
hair care,категорийный,LIBREDERM,lady.mail.ru,обзор,1,1
hair care,категорийный,LIBREDERM,media.halvacard.ru,обзор,1,1
hair care,категорийный,LIBREDERM,stolichki.ru,перекуп,1,1
hair care,категорийный,LIBREDERM,www.letu.ru,перекуп,1,1
hair care,категорийный,La Roche-Posay,lady.mail.ru,обзор,1,1
hair care,категорийный,La Roche-Posay,media.halvacard.ru,обзор,1,1
hair care,категорийный,La Roche-Posay,stolichki.ru,перекуп,1,1
hair care,категорийный,La Roche-Posay,www.letu.ru,перекуп,1,1
hair care,категорийный,Lador,altaitmag.ru,перекуп,1,1
hair care,категорийный,Lador,letu.ru,перекуп,1,1
hair care,категорийный,Lador,market.yandex.ru,маркетплейс,1,1
hair care,категорийный,Lador,ozon.ru,маркетплейс,1,2
hair care,категорийный,Lador,wildberries.ru,маркетплейс,1,1
hair care,категорийный,Lamonnet Premium,market.yandex.ru,маркетплейс,1,1
hair care,категорийный,Lamonnet Premium,ozon.ru,маркетплейс,1,1
hair care,категорийный,Lamonnet Premium,parfum-lider.ru,перекуп,1,1
hair care,категорийный,Lamonnet Premium,rivegauche.ru,перекуп,1,1
hair care,категорийный,Lamonnet Premium,wildberries.ru,маркетплейс,1,1
hair care,категорийный,Likato Professional,goldapple.ru,маркетплейс,1,1
hair care,категорийный,Likato Professional,market.yandex.ru,маркетплейс,1,1
hair care,категорийный,Likato Professional,ozon.ru,маркетплейс,1,1
hair care,категорийный,Likato Professional,rivegauche.ru,маркетплейс,1,1
hair care,категорийный,Likato Professional,wildberries.ru,маркетплейс,1,1
hair care,категорийный,Lovature/Лавейча,apteka-april.ru,перекуп,1,1
hair care,категорийный,Lovature/Лавейча,apteka.ru,перекуп,1,1
hair care,категорийный,Lovature/Лавейча,planetazdorovo.ru,перекуп,1,1
hair care,категорийный,L’Oréal,dtf.ru,обзор,1,1
hair care,категорийный,L’Oréal,kp.ru,обзор,1,1
hair care,категорийный,L’Oréal,lady.mail.ru,обзор,1,1
hair care,категорийный,L’Oréal,thepoizon.ru,обзор,1,1
hair care,категорийный,MASIL,hollyshop.ru,перекуп,1,1
hair care,категорийный,MASIL,ozon.ru,маркетплейс,1,1
hair care,категорийный,MASIL,parfum-lider.ru,перекуп,1,1
hair care,категорийный,Masil,aravia.ru,сайт бренда,1,1
hair care,категорийный,Masil,hollyshop.ru,перекуп,1,1
hair care,категорийный,Masil,market.yandex.ru,маркетплейс,1,1
hair care,категорийный,Masil,stolichki.ru,обзор,1,1
hair care,категорийный,MinoMax,kp.ru,обзор,1,1
hair care,категорийный,MinoMax,lady.mail.ru,обзор,1,1
hair care,категорийный,MinoMax,vc.ru,обзор,1,1
hair care,категорийный,Mixit,bestproducts.mail.ru,обзор,1,1
hair care,категорийный,NATURE.med,apteka.ru,перекуп,1,1
hair care,категорийный,NATURE.med,goldapple.ru,маркетплейс,1,1
hair care,категорийный,NATURE.med,irecommend.ru,форум,1,1
hair care,категорийный,NIVEA,lady.mail.ru,обзор,1,1
hair care,категорийный,NIVEA,lavka.yandex.ru,маркетплейс,1,1
hair care,категорийный,NIVEA,market.yandex.ru,маркетплейс,1,1
hair care,категорийный,NIVEA,ozon.ru,маркетплейс,1,1
hair care,категорийный,NIVEA,rivegauche.ru,обзор,1,1
hair care,категорийный,NIVEA,wildberries.ru,маркетплейс,1,1
hair care,категорийный,Natura Siberica,bestproducts.mail.ru,обзор,1,1
hair care,категорийный,Nivea,ozon.ru,маркетплейс,1,1
hair care,категорийный,Nivea,poryadok.ru,перекуп,1,1
hair care,категорийный,Nivea,wildberries.ru,маркетплейс,1,1
hair care,категорийный,Nollam Lab,letu.ru,перекуп,1,1
hair care,категорийный,Nollam Lab,market.yandex.ru,маркетплейс,1,1
hair care,категорийный,Nollam Lab,rigla.ru,перекуп,1,1
hair care,категорийный,Nollam Lab,wildberries.ru,маркетплейс,1,1
hair care,категорийный,OIL PREMIUM,biofollica.ru,сайт бренда,1,1
hair care,категорийный,OIL PREMIUM,letu.ru,перекуп,1,1
hair care,категорийный,OIL PREMIUM,market.yandex.ru,маркетплейс,1,1
hair care,категорийный,OIL PREMIUM,ozon.ru,маркетплейс,1,1
hair care,категорийный,OIL PREMIUM,wildberries.ru,маркетплейс,1,1
hair care,категорийный,Ollin,apteka.ru,перекуп,1,1
hair care,категорийный,Ollin,bestproducts.mail.ru,обзор,1,1
hair care,категорийный,Ollin,goldapple.ru,перекуп,1,1
hair care,категорийный,Ollin,hair-market.ru,перекуп,1,1
hair care,категорийный,Ollin,kapous.ru,сайт бренда,1,1
hair care,категорийный,Ollin,kosmetika-proff.ru,обзор,1,1
hair care,категорийный,Ollin,kp.ru,обзор,1,1
hair care,категорийный,Ollin,lady.mail.ru,обзор,1,1
hair care,категорийный,Ollin,letu.ru,перекуп,1,1
hair care,категорийный,Ollin,market.yandex.ru,маркетплейс,1,1
hair care,категорийный,Ollin,ozon.ru,маркетплейс,1,1
hair care,категорийный,Ollin,vc.ru,обзор,1,1
hair care,категорийный,Ollin,wildberries.ru,маркетплейс,1,1
hair care,категорийный,Ollin Professional,goldapple.ru,маркетплейс,1,1
hair care,категорийный,Ollin Professional,market.yandex.ru,маркетплейс,1,1
hair care,категорийный,Ollin Professional,ozon.ru,маркетплейс,1,1
hair care,категорийный,Ollin Professional,rivegauche.ru,маркетплейс,1,1
hair care,категорийный,Ollin Professional,wildberries.ru,маркетплейс,1,1
hair care,категорийный,PHYTORELAX,lady.mail.ru,обзор,1,1
hair care,категорийный,PHYTORELAX,media.halvacard.ru,обзор,1,1
hair care,категорийный,PHYTORELAX,stolichki.ru,перекуп,1,1
hair care,категорийный,PHYTORELAX,www.letu.ru,перекуп,1,1
hair care,категорийный,PUNCHLINE COSMETICS,market.yandex.ru,маркетплейс,1,2
hair care,категорийный,PUNCHLINE COSMETICS,ozon.ru,маркетплейс,1,2
hair care,категорийный,PUNCHLINE COSMETICS,reviews.yandex.ru,маркетплейс,1,1
hair care,категорийный,ROYAL SAMPLES,biofollica.ru,сайт бренда,1,1
hair care,категорийный,ROYAL SAMPLES,letu.ru,перекуп,1,1
hair care,категорийный,ROYAL SAMPLES,market.yandex.ru,маркетплейс,1,1
hair care,категорийный,ROYAL SAMPLES,ozon.ru,маркетплейс,1,1
hair care,категорийный,ROYAL SAMPLES,wildberries.ru,маркетплейс,1,1
hair care,категорийный,Repute,dzen.ru,обзор,1,1
hair care,категорийный,Repute,lady.mail.ru,обзор,1,1
hair care,категорийный,Repute,letu.ru,обзор,1,1
hair care,категорийный,Repute,stolichki.ru,перекуп,1,1
hair care,категорийный,Repute,tekhnik.top,обзор,1,1
hair care,категорийный,Retrieve,byrdie.com,обзор,1,1
hair care,категорийный,Retrieve,kp.ru,обзор,1,1
hair care,категорийный,Retrieve,lady.mail.ru,обзор,1,1
hair care,категорийный,Retrieve,megapteka.ru,перекуп,1,1
hair care,категорийный,Savonry,apteka.ru,перекуп,1,1
hair care,категорийный,Savonry,goldapple.ru,маркетплейс,1,1
hair care,категорийный,Savonry,irecommend.ru,форум,1,1
hair care,категорийный,Sebu-Balance,letu.ru,перекуп,1,1
hair care,категорийный,Sebu-Balance,market.yandex.ru,маркетплейс,1,1
hair care,категорийный,Sebu-Balance,rigla.ru,перекуп,1,1
hair care,категорийный,Sebu-Balance,wildberries.ru,маркетплейс,1,1
hair care,категорийный,Sim Sensitive,kp.ru,обзор,1,1
hair care,категорийный,Sim Sensitive,lady.mail.ru,обзор,1,1
hair care,категорийный,Sim Sensitive,vc.ru,обзор,1,1
hair care,категорийный,Sueno,goldapple.ru,перекуп,1,1
hair care,категорийный,Sueno,letu.ru,перекуп,1,1
hair care,категорийный,Sueno,market.yandex.ru,маркетплейс,1,1
hair care,категорийный,Sueno,ozon.ru,маркетплейс,1,1
hair care,категорийный,Sueno,wildberries.ru,маркетплейс,1,1
hair care,категорийный,Svoboda Natural,apteka.ru,перекуп,1,1
hair care,категорийный,Svoboda Natural,goldapple.ru,перекуп,1,1
hair care,категорийный,Svoboda Natural,ozon.ru,маркетплейс,1,1
hair care,категорийный,Svoboda Natural,poryadok.ru,перекуп,1,1
hair care,категорийный,Svoboda Natural,wildberries.ru,маркетплейс,1,1
hair care,категорийный,Svoboda natural,apteka.ru,перекуп,1,1
hair care,категорийный,Svoboda natural,goldapple.ru,маркетплейс,1,1
hair care,категорийный,Svoboda natural,irecommend.ru,форум,1,1
hair care,категорийный,Synergetic,lady.mail.ru,обзор,2,2
hair care,категорийный,Synergetic,byrdie.com,обзор,1,1
hair care,категорийный,Synergetic,kp.ru,обзор,1,1
hair care,категорийный,Synergetic,lavka.yandex.ru,маркетплейс,1,1
hair care,категорийный,Synergetic,market.yandex.ru,маркетплейс,1,1
hair care,категорийный,Synergetic,megapteka.ru,перекуп,1,1
hair care,категорийный,Synergetic,ozon.ru,маркетплейс,1,1
hair care,категорийный,Synergetic,rivegauche.ru,обзор,1,1
hair care,категорийный,Synergetic,wildberries.ru,маркетплейс,1,1
hair care,категорийный,The LAB,cosmetic.magnit.ru,перекуп,1,1
hair care,категорийный,The LAB,ng.nlstar.com,перекуп,1,1
hair care,категорийный,The LAB,ozon.ru,маркетплейс,1,1
hair care,категорийный,The LAB,pralinedefrance.ru,перекуп,1,1
hair care,категорийный,The LAB,wildberries.ru,маркетплейс,1,1
hair care,категорийный,URAL LAB,altaitmag.ru,перекуп,1,1
hair care,категорийный,URAL LAB,letu.ru,перекуп,1,1
hair care,категорийный,URAL LAB,market.yandex.ru,маркетплейс,1,1
hair care,категорийный,URAL LAB,ozon.ru,маркетплейс,1,2
hair care,категорийный,URAL LAB,wildberries.ru,маркетплейс,1,1
hair care,категорийный,URIAGE,lady.mail.ru,обзор,1,1
hair care,категорийный,URIAGE,media.halvacard.ru,обзор,1,1
hair care,категорийный,URIAGE,stolichki.ru,перекуп,1,1
hair care,категорийный,URIAGE,www.letu.ru,перекуп,1,1
hair care,категорийный,VOIS,market.yandex.ru,маркетплейс,2,2
hair care,категорийный,VOIS,aravia.ru,сайт бренда,1,1
hair care,категорийный,VOIS,hollyshop.ru,перекуп,1,1
hair care,категорийный,VOIS,kleona.com,сайт бренда,1,1
hair care,категорийный,VOIS,letu.ru,перекуп,1,1
hair care,категорийный,VOIS,stolichki.ru,обзор,1,1
hair care,категорийный,VOIS,uteka.ru,перекуп,1,1
hair care,категорийный,Vichy,lady.mail.ru,обзор,3,3
hair care,категорийный,Vichy,kp.ru,обзор,2,2
hair care,категорийный,Vichy,market.yandex.ru,маркетплейс,2,2
hair care,категорийный,Vichy,aptstore.ru,перекуп,1,1
hair care,категорийный,Vichy,dtf.ru,обзор,1,1
hair care,категорийный,Vichy,dzen.ru,обзор,1,1
hair care,категорийный,Vichy,goldapple.ru,обзор,1,1
hair care,категорийный,Vichy,irecommend.ru,форум,1,1
hair care,категорийный,Vichy,ozon.ru,маркетплейс,1,1
hair care,категорийный,Vichy,vc.ru,обзор,1,1
hair care,категорийный,Wella,lady.mail.ru,обзор,2,2
hair care,категорийный,Wella,dtf.ru,обзор,1,1
hair care,категорийный,Wella,kapous.ru,обзор,1,1
hair care,категорийный,Wella,kp.ru,обзор,1,1
hair care,категорийный,Wella,market.yandex.ru,маркетплейс,1,1
hair care,категорийный,Wella,ozon.ru,маркетплейс,1,1
hair care,категорийный,Yves Rocher,goldapple.ru,перекуп,1,1
hair care,категорийный,Yves Rocher,letu.ru,перекуп,1,1
hair care,категорийный,Yves Rocher,market.yandex.ru,маркетплейс,1,1
hair care,категорийный,Yves Rocher,ozon.ru,маркетплейс,1,1
hair care,категорийный,Yves Rocher,wildberries.ru,маркетплейс,1,1
hair care,категорийный,ZEITUN,altaitmag.ru,перекуп,1,1
hair care,категорийный,ZEITUN,letu.ru,перекуп,1,1
hair care,категорийный,ZEITUN,market.yandex.ru,маркетплейс,1,1
hair care,категорийный,ZEITUN,ozon.ru,маркетплейс,1,2
hair care,категорийный,ZEITUN,wildberries.ru,маркетплейс,1,1
hair care,категорийный,Zeitun,byrdie.com,обзор,1,1
hair care,категорийный,Zeitun,kp.ru,обзор,1,1
hair care,категорийный,Zeitun,lady.mail.ru,обзор,1,1
hair care,категорийный,Zeitun,megapteka.ru,перекуп,1,1
hair care,категорийный,Алерана,apteka.ru,перекуп,1,1
hair care,категорийный,Алерана,eapteka.ru,перекуп,1,1
hair care,категорийный,Алерана,ozon.ru,маркетплейс,1,1
hair care,категорийный,Алерана,planetazdorovo.ru,перекуп,1,1
hair care,категорийный,Алерана,uteka.ru,перекуп,1,1
hair care,категорийный,Аптечка Агафьи,gorzdrav.org,перекуп,1,1
hair care,категорийный,Аптечка Агафьи,kapous.ru,сайт бренда,1,1
hair care,категорийный,Аптечка Агафьи,market.yandex.ru,маркетплейс,1,1
hair care,категорийный,Аптечка Агафьи,ozon.ru,маркетплейс,1,1
hair care,категорийный,Аптечка Агафьи,uteka.ru,перекуп,1,1
hair care,категорийный,Лошадиная Сила,kleona.com,сайт бренда,1,1
hair care,категорийный,Лошадиная Сила,letu.ru,перекуп,1,1
hair care,категорийный,Лошадиная Сила,market.yandex.ru,маркетплейс,1,1
hair care,категорийный,Лошадиная Сила,uteka.ru,перекуп,1,1
hair care,категорийный,МАСТ ХЭВ,aravia.ru,сайт бренда,1,1
hair care,категорийный,МАСТ ХЭВ,hollyshop.ru,перекуп,1,1
hair care,категорийный,МАСТ ХЭВ,market.yandex.ru,маркетплейс,1,1
hair care,категорийный,МАСТ ХЭВ,stolichki.ru,обзор,1,1
hair care,категорийный,Мирролла,apteka-april.ru,перекуп,1,1
hair care,категорийный,Мирролла,apteka.ru,перекуп,1,1
hair care,категорийный,Мирролла,planetazdorovo.ru,перекуп,1,1
hair care,категорийный,ОрганикФарм,letu.ru,перекуп,1,1
hair care,категорийный,ОрганикФарм,market.yandex.ru,маркетплейс,1,1
hair care,категорийный,ОрганикФарм,rigla.ru,перекуп,1,1
hair care,категорийный,ОрганикФарм,wildberries.ru,маркетплейс,1,1
hair care,консультационный,AQUA FORCE,axioneprofessional.ru,сайт бренда,1,1
hair care,консультационный,AQUA FORCE,market.yandex.ru,маркетплейс,1,1
hair care,консультационный,AQUA FORCE,ozon.ru,маркетплейс,1,2
hair care,консультационный,AQUA FORCE,vkusvill.ru,маркетплейс,1,1
hair care,консультационный,AQUA FORCE,wildberries.ru,маркетплейс,1,1
hair care,консультационный,AXE ANTI HANGOVER,axioneprofessional.ru,сайт бренда,1,1
hair care,консультационный,AXE ANTI HANGOVER,market.yandex.ru,маркетплейс,1,1
hair care,консультационный,AXE ANTI HANGOVER,ozon.ru,маркетплейс,1,2
hair care,консультационный,AXE ANTI HANGOVER,vkusvill.ru,маркетплейс,1,1
hair care,консультационный,AXE ANTI HANGOVER,wildberries.ru,маркетплейс,1,1
hair care,консультационный,AxiOne,axioneprofessional.ru,сайт бренда,1,1
hair care,консультационный,AxiOne,market.yandex.ru,маркетплейс,1,1
hair care,консультационный,AxiOne,ozon.ru,маркетплейс,1,2
hair care,консультационный,AxiOne,vkusvill.ru,маркетплейс,1,1
hair care,консультационный,AxiOne,wildberries.ru,маркетплейс,1,1
hair care,консультационный,Clear,health.mail.ru,экспертный ресурс,1,1
hair care,консультационный,Clear,stolichki.ru,перекуп,1,1
hair care,консультационный,Clear,uteka.ru,экспертный ресурс,1,1
hair care,консультационный,Clear,vc.ru,обзор,1,1
hair care,консультационный,DREAM NATURE,letu.ru,маркетплейс,1,1
hair care,консультационный,DREAM NATURE,market.yandex.ru,маркетплейс,1,2
hair care,консультационный,DREAM NATURE,ozon.ru,маркетплейс,1,1
hair care,консультационный,DREAM NATURE,wildberries.ru,маркетплейс,1,2
hair care,консультационный,Deonica for men,axioneprofessional.ru,сайт бренда,1,1
hair care,консультационный,Deonica for men,market.yandex.ru,маркетплейс,1,1
hair care,консультационный,Deonica for men,ozon.ru,маркетплейс,1,2
hair care,консультационный,Deonica for men,vkusvill.ru,маркетплейс,1,1
hair care,консультационный,Deonica for men,wildberries.ru,маркетплейс,1,1
hair care,консультационный,Dove,eapteka.ru,перекуп,1,1
hair care,консультационный,Dove,lady.mail.ru,обзор,1,1
hair care,консультационный,Dove,letu.ru,перекуп,1,1
hair care,консультационный,Dove,market.yandex.ru,маркетплейс,1,1
hair care,консультационный,Dove,ozon.ru,маркетплейс,1,1
hair care,консультационный,Dove,wildberries.ru,маркетплейс,1,1
hair care,консультационный,ESTEL,angelprof.ru,сайт бренда,1,1
hair care,консультационный,ESTEL,market.yandex.ru,маркетплейс,1,1
hair care,консультационный,ESTEL,ozon.ru,маркетплейс,1,1
hair care,консультационный,ESTEL,wildberries.ru,маркетплейс,1,1
hair care,консультационный,Ecolatier,axioneprofessional.ru,сайт бренда,1,1
hair care,консультационный,Ecolatier,market.yandex.ru,маркетплейс,1,1
hair care,консультационный,Ecolatier,ozon.ru,маркетплейс,1,2
hair care,консультационный,Ecolatier,vkusvill.ru,маркетплейс,1,1
hair care,консультационный,Ecolatier,wildberries.ru,маркетплейс,1,1
hair care,консультационный,Exxe,letu.ru,маркетплейс,1,1
hair care,консультационный,Exxe,market.yandex.ru,маркетплейс,1,2
hair care,консультационный,Exxe,ozon.ru,маркетплейс,1,1
hair care,консультационный,Exxe,wildberries.ru,маркетплейс,1,2
hair care,консультационный,Grass,helas.ru,перекуп,1,1
hair care,консультационный,Grass,market.yandex.ru,маркетплейс,1,1
hair care,консультационный,Grass,ozon.ru,маркетплейс,1,1
hair care,консультационный,Grass,wildberries.ru,маркетплейс,1,1
hair care,консультационный,Ichthyonella,dtf.ru,обзор,1,1
hair care,консультационный,Ichthyonella,irecommend.ru,форум,1,1
hair care,консультационный,Ichthyonella,kp.ru,обзор,1,1
hair care,консультационный,Ichthyonella,ozon.ru,маркетплейс,1,1
hair care,консультационный,Ichthyonella,wildberries.ru,маркетплейс,1,1
hair care,консультационный,Kerasys,dtf.ru,обзор,1,1
hair care,консультационный,Kerasys,irecommend.ru,форум,1,1
hair care,консультационный,Kerasys,kp.ru,обзор,1,1
hair care,консультационный,Kerasys,ozon.ru,маркетплейс,1,1
hair care,консультационный,Kerasys,wildberries.ru,маркетплейс,1,1
hair care,консультационный,L'Occitane,lady.mail.ru,обзор,1,1
hair care,консультационный,L'Oreal,market.yandex.ru,маркетплейс,2,2
hair care,консультационный,L'Oreal,akrasoty.ru,обзор,1,1
hair care,консультационный,L'Oreal,angelprof.ru,сайт бренда,1,1
hair care,консультационный,L'Oreal,lady.mail.ru,обзор,1,1
hair care,консультационный,L'Oreal,letu.ru,обзор,1,1
hair care,консультационный,L'Oreal,letu.ru,перекуп,1,2
hair care,консультационный,L'Oreal,ozon.ru,маркетплейс,1,1
hair care,консультационный,L'Oreal,vc.ru,обзор,1,1
hair care,консультационный,L'Oreal,wildberries.ru,маркетплейс,1,1
hair care,консультационный,Lion,letu.ru,маркетплейс,1,1
hair care,консультационный,Lion,market.yandex.ru,маркетплейс,1,2
hair care,консультационный,Lion,ozon.ru,маркетплейс,1,1
hair care,консультационный,Lion,wildberries.ru,маркетплейс,1,2
hair care,консультационный,MIXIT,dtf.ru,обзор,1,1
hair care,консультационный,MIXIT,irecommend.ru,форум,1,1
hair care,консультационный,MIXIT,kp.ru,обзор,1,1
hair care,консультационный,MIXIT,ozon.ru,маркетплейс,1,1
hair care,консультационный,MIXIT,wildberries.ru,маркетплейс,1,1
hair care,консультационный,NIVEA,detmir.ru,маркетплейс,1,1
hair care,консультационный,NIVEA,irecommend.ru,форум,1,1
hair care,консультационный,NIVEA,market.yandex.ru,маркетплейс,1,1
hair care,консультационный,NIVEA,ozon.ru,маркетплейс,1,1
hair care,консультационный,Nivea,ozon.ru,маркетплейс,2,2
hair care,консультационный,Nivea,bestproducts.mail.ru,обзор,1,1
hair care,консультационный,Nivea,dtf.ru,обзор,1,1
hair care,консультационный,Nivea,irecommend.ru,форум,1,1
hair care,консультационный,Nivea,kp.ru,обзор,1,1
hair care,консультационный,Nivea,lady.mail.ru,обзор,1,1
hair care,консультационный,Nivea,wildberries.ru,маркетплейс,1,1
hair care,консультационный,Ollin,market.yandex.ru,маркетплейс,2,2
hair care,консультационный,Ollin,ozon.ru,маркетплейс,2,2
hair care,консультационный,Ollin,wildberries.ru,маркетплейс,2,2
hair care,консультационный,Ollin,angelprof.ru,сайт бренда,1,1
hair care,консультационный,Ollin,eapteka.ru,перекуп,1,1
hair care,консультационный,Ollin,lady.mail.ru,обзор,1,1
hair care,консультационный,Ollin,letu.ru,перекуп,1,1
hair care,консультационный,Palmolive,dtf.ru,обзор,1,1
hair care,консультационный,Palmolive,irecommend.ru,форум,1,1
hair care,консультационный,Palmolive,kp.ru,обзор,1,1
hair care,консультационный,Palmolive,ozon.ru,маркетплейс,1,1
hair care,консультационный,Palmolive,wildberries.ru,маркетплейс,1,1
hair care,консультационный,Physiogel,dtf.ru,обзор,1,1
hair care,консультационный,Physiogel,irecommend.ru,форум,1,1
hair care,консультационный,Physiogel,kp.ru,обзор,1,1
hair care,консультационный,Physiogel,ozon.ru,маркетплейс,1,1
hair care,консультационный,Physiogel,wildberries.ru,маркетплейс,1,1
hair care,консультационный,SYNERGETIC,market.yandex.ru,маркетплейс,2,3
hair care,консультационный,SYNERGETIC,ozon.ru,маркетплейс,2,2
hair care,консультационный,SYNERGETIC,detmir.ru,маркетплейс,1,1
hair care,консультационный,SYNERGETIC,irecommend.ru,форум,1,1
hair care,консультационный,SYNERGETIC,letu.ru,маркетплейс,1,1
hair care,консультационный,SYNERGETIC,wildberries.ru,маркетплейс,1,2
hair care,консультационный,Shauma,market.yandex.ru,маркетплейс,1,1
hair care,консультационный,Shauma,ozon.ru,маркетплейс,1,1
hair care,консультационный,Shauma,wildberries.ru,маркетплейс,1,1
hair care,консультационный,Touch For You,axioneprofessional.ru,сайт бренда,1,1
hair care,консультационный,Touch For You,market.yandex.ru,маркетплейс,1,1
hair care,консультационный,Touch For You,ozon.ru,маркетплейс,1,2
hair care,консультационный,Touch For You,vkusvill.ru,маркетплейс,1,1
hair care,консультационный,Touch For You,wildberries.ru,маркетплейс,1,1
hair care,консультационный,URAL LAB,axioneprofessional.ru,сайт бренда,1,1
hair care,консультационный,URAL LAB,market.yandex.ru,маркетплейс,1,1
hair care,консультационный,URAL LAB,ozon.ru,маркетплейс,1,2
hair care,консультационный,URAL LAB,vkusvill.ru,маркетплейс,1,1
hair care,консультационный,URAL LAB,wildberries.ru,маркетплейс,1,1
hair care,консультационный,VOLCANO ENERGY,axioneprofessional.ru,сайт бренда,1,1
hair care,консультационный,VOLCANO ENERGY,market.yandex.ru,маркетплейс,1,1
hair care,консультационный,VOLCANO ENERGY,ozon.ru,маркетплейс,1,2
hair care,консультационный,VOLCANO ENERGY,vkusvill.ru,маркетплейс,1,1
hair care,консультационный,VOLCANO ENERGY,wildberries.ru,маркетплейс,1,1
hair care,консультационный,Vichy,eapteka.ru,перекуп,1,1
hair care,консультационный,Vichy,lady.mail.ru,обзор,1,1
hair care,консультационный,Vichy,letu.ru,перекуп,1,1
hair care,консультационный,Vichy,linline-clinic.ru,экспертный ресурс,1,1
hair care,консультационный,Vichy,market.yandex.ru,маркетплейс,1,1
hair care,консультационный,Vichy,ozon.ru,маркетплейс,1,1
hair care,консультационный,Vichy,vichy.ru,сайт бренда,1,1
hair care,консультационный,Vichy,vitaexpress.ru,перекуп,1,1
hair care,консультационный,Vichy,wildberries.ru,маркетплейс,1,1
hair care,консультационный,Wella,dtf.ru,обзор,1,1
hair care,консультационный,Wella,irecommend.ru,форум,1,1
hair care,консультационный,Wella,kp.ru,обзор,1,1
hair care,консультационный,Wella,ozon.ru,маркетплейс,1,1
hair care,консультационный,Wella,wildberries.ru,маркетплейс,1,1
hair care,консультационный,YESBABY,apteka.ru,перекуп,1,1
hair care,консультационный,YESBABY,market.yandex.ru,маркетплейс,1,1
hair care,консультационный,YESBABY,uteka.ru,перекуп,1,1
hair care,консультационный,YESBABY,wildberries.ru,маркетплейс,1,1
hair care,консультационный,Алиса,apteka.ru,перекуп,1,1
hair care,консультационный,Алиса,market.yandex.ru,маркетплейс,1,1
hair care,консультационный,Алиса,uteka.ru,перекуп,1,1
hair care,консультационный,Алиса,wildberries.ru,маркетплейс,1,1
hair care,консультационный,Белита-Витэкс,detmir.ru,маркетплейс,1,1
hair care,консультационный,Белита-Витэкс,irecommend.ru,форум,1,1
hair care,консультационный,Белита-Витэкс,market.yandex.ru,маркетплейс,1,1
hair care,консультационный,Белита-Витэкс,ozon.ru,маркетплейс,1,1
hair care,консультационный,Рексона,axioneprofessional.ru,сайт бренда,1,1
hair care,консультационный,Рексона,market.yandex.ru,маркетплейс,1,1
hair care,консультационный,Рексона,ozon.ru,маркетплейс,1,2
hair care,консультационный,Рексона,vkusvill.ru,маркетплейс,1,1
hair care,консультационный,Рексона,wildberries.ru,маркетплейс,1,1
hair care,консультационный,Ушастый Нянь,apteka.ru,перекуп,1,1
hair care,консультационный,Ушастый Нянь,market.yandex.ru,маркетплейс,1,1
hair care,консультационный,Ушастый Нянь,uteka.ru,перекуп,1,1
hair care,консультационный,Ушастый Нянь,wildberries.ru,маркетплейс,1,1
hair care,консультационный,Чистая Линия,chistayalinia.ru,сайт бренда,1,1
hair care,консультационный,Чистая Линия,linline-clinic.ru,экспертный ресурс,1,1
hair care,консультационный,Чистая Линия,selencin.ru,экспертный ресурс,1,1
hair care,консультационный,Чистая Линия,vitaexpress.ru,перекуп,1,1
hair care,консультационный,Чистая линия,detmir.ru,маркетплейс,1,1
hair care,консультационный,Чистая линия,irecommend.ru,форум,1,1
hair care,консультационный,Чистая линия,market.yandex.ru,маркетплейс,1,1
hair care,консультационный,Чистая линия,ozon.ru,маркетплейс,1,1
hair care,консультационный,бренды не указаны,chistayalinia.ru,сайт бренда,1,1
hair care,консультационный,бренды не указаны,media.halvacard.ru,обзор,1,1
hair care,консультационный,бренды не указаны,plastica.onclinic.ru,экспертный ресурс,1,1
hair care,консультационный,отсутствует,rskrf.ru,экспертный ресурс,2,2
hair care,консультационный,отсутствует,aroma-butik.ru,обзор,1,1
hair care,консультационный,отсутствует,chistayalinia.ru,обзор,1,1
hair care,консультационный,отсутствует,linline-clinic.ru,экспертный ресурс,1,1
hair care,консультационный,отсутствует,media.halvacard.ru,обзор,1,1
hair care,консультационный,отсутствует,rivegauche.ru,обзор,1,1
hair care,консультационный,отсутствует,selencin.ru,обзор,1,1
hair care,консультационный,отсутствует,selencin.ru,экспертный ресурс,1,1
hair care,консультационный,отсутствует,vichy.ru,сайт бренда,1,1
hair care,консультационный,отсутствует,vitaexpress.ru,перекуп,1,1
hair care,сравнительный,ARAVIA,kp.ru,обзор,1,1
hair care,сравнительный,ARAVIA,vc.ru,обзор,1,1
hair care,сравнительный,BYPHASSE,kp.ru,обзор,1,1
hair care,сравнительный,BYPHASSE,lady.mail.ru,обзор,1,1
hair care,сравнительный,BYPHASSE,letu.ru,обзор,1,1
hair care,сравнительный,BYPHASSE,nbcnews.com,обзор,1,1
hair care,сравнительный,BYPHASSE,stolichki.ru,обзор,1,1
hair care,сравнительный,DSD de Luxe,kp.ru,обзор,1,1
hair care,сравнительный,DSD de Luxe,vc.ru,обзор,1,1
hair care,сравнительный,Dove,kp.ru,обзор,1,1
hair care,сравнительный,Dove,lady.mail.ru,обзор,1,1
hair care,сравнительный,Dove,letu.ru,обзор,1,1
hair care,сравнительный,Dove,nbcnews.com,обзор,1,1
hair care,сравнительный,Dove,stolichki.ru,обзор,1,1
hair care,сравнительный,Kaaral,kp.ru,обзор,1,1
hair care,сравнительный,Kaaral,vc.ru,обзор,1,1
hair care,сравнительный,L'Oreal,dtf.ru,обзор,1,1
hair care,сравнительный,L'Oreal,kp.ru,обзор,1,1
hair care,сравнительный,L'Oreal,lady.mail.ru,обзор,1,1
hair care,сравнительный,Librederm,kp.ru,обзор,1,1
hair care,сравнительный,Librederm,lady.mail.ru,обзор,1,1
hair care,сравнительный,Librederm,letu.ru,обзор,1,1
hair care,сравнительный,Librederm,nbcnews.com,обзор,1,1
hair care,сравнительный,Librederm,stolichki.ru,обзор,1,1
hair care,сравнительный,MinoMax,kp.ru,обзор,1,1
hair care,сравнительный,MinoMax,vc.ru,обзор,1,1
hair care,сравнительный,Sim Sensitive,kp.ru,обзор,1,1
hair care,сравнительный,Sim Sensitive,vc.ru,обзор,1,1
hair care,сравнительный,Vichy,vc.ru,обзор,1,1
hair care,сравнительный,нет явного лидера,hairgloss.ru,обзор,1,1
hair care,сравнительный,нет явного лидера,yahoo.com,обзор,1,1
hair care,сравнительный,нет явного лидера,zicail.com,обзор,1,1
oral care,категорийный,B.Well,caseguru.ru,обзор,1,1
oral care,категорийный,B.Well,dns-shop.ru,маркетплейс,1,1
oral care,категорийный,B.Well,dtf.ru,обзор,1,1
oral care,категорийный,B.Well,dzen.ru,обзор,1,1
oral care,категорийный,B.Well,health.mail.ru,экспертный ресурс,1,1
oral care,категорийный,Bopakids,doctorslon.ru,перекуп,1,1
oral care,категорийный,Bopakids,market.yandex.ru,маркетплейс,1,1
oral care,категорийный,Bopakids,wildberries.ru,маркетплейс,1,1
oral care,категорийный,Colgate,rigla.ru,перекуп,2,2
oral care,категорийный,Colgate,apteka.ru,перекуп,1,1
oral care,категорийный,Colgate,goldapple.ru,перекуп,1,1
oral care,категорийный,Colgate,gorzdrav.org,перекуп,1,1
oral care,категорийный,Colgate,health.mail.ru,обзор,1,1
oral care,категорийный,Colgate,kp.ru,обзор,1,1
oral care,категорийный,Colgate,market.yandex.ru,маркетплейс,1,1
oral care,категорийный,Colgate,megapteka.ru,перекуп,1,1
oral care,категорийный,Colgate,mila.by,перекуп,1,1
oral care,категорийный,Colgate,ozon.by,маркетплейс,1,1
oral care,категорийный,Colgate,podrygka.ru,перекуп,1,1
oral care,категорийный,Colgate,stolichki.ru,перекуп,1,1
oral care,категорийный,Colgate,tomas.by,маркетплейс,1,1
oral care,категорийный,Colgate,uteka.ru,перекуп,1,1
oral care,категорийный,Colgate,vc.ru,обзор,1,1
oral care,категорийный,Elmex,market.yandex.ru,маркетплейс,3,3
oral care,категорийный,Elmex,kp.ru,обзор,2,2
oral care,категорийный,Elmex,ozon.ru,маркетплейс,2,2
oral care,категорийный,Elmex,doctorslon.ru,перекуп,1,1
oral care,категорийный,Elmex,goldapple.ru,обзор,1,1
oral care,категорийный,Elmex,gorzdrav.org,перекуп,1,1
oral care,категорийный,Elmex,irecommend.ru,форум,1,1
oral care,категорийный,Elmex,mila.by,перекуп,1,1
oral care,категорийный,Elmex,ozon.by,маркетплейс,1,1
oral care,категорийный,Elmex,podrygka.ru,перекуп,1,1
oral care,категорийный,Elmex,rigla.ru,перекуп,1,1
oral care,категорийный,Elmex,stolichki.ru,перекуп,1,1
oral care,категорийный,Elmex,stommarket.ru,перекуп,1,1
oral care,категорийный,Elmex,tomas.by,маркетплейс,1,1
oral care,категорийный,Grass,apteka.ru,перекуп,1,1
oral care,категорийный,Grass,ozon.ru,маркетплейс,1,1
oral care,категорийный,Grass,poryadok.ru,перекуп,1,1
oral care,категорийный,Grass,wildberries.ru,маркетплейс,1,1
oral care,категорийный,Lacalut,apteka.ru,перекуп,2,2
oral care,категорийный,Lacalut,market.yandex.ru,маркетплейс,2,3
oral care,категорийный,Lacalut,kp.ru,обзор,1,1
oral care,категорийный,Lacalut,ozon.ru,маркетплейс,1,1
oral care,категорийный,Lacalut,poryadok.ru,перекуп,1,1
oral care,категорийный,Lacalut,rigla.ru,перекуп,1,1
oral care,категорийный,Lacalut,stomatkristall.ru,экспертный ресурс,1,1
oral care,категорийный,Lacalut,vc.ru,обзор,1,1
oral care,категорийный,Lacalut,www.kp.ru,обзор,1,1
oral care,категорийный,Lacalut,zdravcity.ru,перекуп,1,2
oral care,категорийный,Oclean,dtf.ru,обзор,1,1
oral care,категорийный,Oclean,health.mail.ru,обзор,1,1
oral care,категорийный,Perioe,apteka.ru,перекуп,1,1
oral care,категорийный,Perioe,ozon.ru,маркетплейс,1,1
oral care,категорийный,Perioe,poryadok.ru,перекуп,1,1
oral care,категорийный,Perioe,wildberries.ru,маркетплейс,1,1
oral care,категорийный,Philips,dtf.ru,обзор,2,2
oral care,категорийный,Philips,dzen.ru,обзор,1,1
oral care,категорийный,Philips,health.mail.ru,обзор,1,1
oral care,категорийный,PresiDENT,market.yandex.ru,маркетплейс,2,2
oral care,категорийный,PresiDENT,doctorslon.ru,перекуп,1,1
oral care,категорийный,PresiDENT,gorzdrav.org,перекуп,1,1
oral care,категорийный,PresiDENT,mila.by,перекуп,1,1
oral care,категорийный,PresiDENT,ozon.by,маркетплейс,1,1
oral care,категорийный,PresiDENT,ozon.ru,маркетплейс,1,1
oral care,категорийный,PresiDENT,podrygka.ru,перекуп,1,1
oral care,категорийный,PresiDENT,stommarket.ru,перекуп,1,1
oral care,категорийный,PresiDENT,tomas.by,маркетплейс,1,1
oral care,категорийный,R.O.C.S.,kp.ru,обзор,3,3
oral care,категорийный,R.O.C.S.,apteka.ru,перекуп,2,2
oral care,категорийный,R.O.C.S.,health.mail.ru,обзор,2,2
oral care,категорийный,R.O.C.S.,bestproducts.mail.ru,обзор,1,1
oral care,категорийный,R.O.C.S.,goldapple.ru,перекуп,1,1
oral care,категорийный,R.O.C.S.,gorzdrav.org,перекуп,1,1
oral care,категорийный,R.O.C.S.,market.yandex.ru,маркетплейс,1,1
oral care,категорийный,R.O.C.S.,mila.by,перекуп,1,1
oral care,категорийный,R.O.C.S.,ozon.by,маркетплейс,1,1
oral care,категорийный,R.O.C.S.,planetazdorovo.ru,перекуп,1,1
oral care,категорийный,R.O.C.S.,podrygka.ru,перекуп,1,1
oral care,категорийный,R.O.C.S.,poryadok.ru,перекуп,1,1
oral care,категорийный,R.O.C.S.,rigla.ru,перекуп,1,1
oral care,категорийный,R.O.C.S.,rivegauche.ru,маркетплейс,1,1
oral care,категорийный,R.O.C.S.,stolichki.ru,перекуп,1,1
oral care,категорийный,R.O.C.S.,stomatkristall.ru,экспертный ресурс,1,1
oral care,категорийный,R.O.C.S.,tomas.by,маркетплейс,1,1
oral care,категорийный,R.O.C.S.,vc.ru,обзор,1,1
oral care,категорийный,ROCS,apteka.ru,перекуп,1,1
oral care,категорийный,ROCS,doctorslon.ru,перекуп,1,1
oral care,категорийный,ROCS,uteka.ru,перекуп,1,1
oral care,категорийный,ROCS,wildberries.ru,маркетплейс,1,1
oral care,категорийный,SPLAT,health.mail.ru,обзор,1,1
oral care,категорийный,SPLAT,kp.ru,обзор,1,1
oral care,категорийный,SPLAT,market.yandex.ru,маркетплейс,1,1
oral care,категорийный,SPLAT,ozon.ru,маркетплейс,1,1
oral care,категорийный,SPLAT,uteka.ru,перекуп,1,1
oral care,категорийный,SPLAT,vc.ru,обзор,1,1
oral care,категорийный,SYNERGETIC,apteka.ru,перекуп,1,1
oral care,категорийный,SYNERGETIC,ozon.ru,маркетплейс,1,1
oral care,категорийный,SYNERGETIC,poryadok.ru,перекуп,1,1
oral care,категорийный,SYNERGETIC,wildberries.ru,маркетплейс,1,1
oral care,категорийный,Sensodyne,kp.ru,обзор,2,2
oral care,категорийный,Sensodyne,stolichki.ru,перекуп,2,2
oral care,категорийный,Sensodyne,apteka.ru,перекуп,1,1
oral care,категорийный,Sensodyne,goldapple.ru,перекуп,1,1
oral care,категорийный,Sensodyne,market.yandex.ru,маркетплейс,1,1
oral care,категорийный,Sensodyne,planetazdorovo.ru,перекуп,1,1
oral care,категорийный,Sensodyne,poryadok.ru,перекуп,1,1
oral care,категорийный,Sensodyne,rigla.ru,перекуп,1,1
oral care,категорийный,Sensodyne,vc.ru,обзор,1,1
oral care,категорийный,Sensodyne,www.kp.ru,обзор,1,1
oral care,категорийный,Sensodyne,zdravcity.ru,перекуп,1,1
oral care,категорийный,Splat,apteka.ru,перекуп,2,2
oral care,категорийный,Splat,market.yandex.ru,маркетплейс,2,3
oral care,категорийный,Splat,wildberries.ru,маркетплейс,2,2
oral care,категорийный,Splat,24stoma.ru,экспертный ресурс,1,1
oral care,категорийный,Splat,doctorslon.ru,перекуп,1,1
oral care,категорийный,Splat,gorzdrav.org,перекуп,1,1
oral care,категорийный,Splat,mila.by,перекуп,1,1
oral care,категорийный,Splat,ozon.by,маркетплейс,1,1
oral care,категорийный,Splat,ozon.ru,маркетплейс,1,1
oral care,категорийный,Splat,podrygka.ru,перекуп,1,1
oral care,категорийный,Splat,poryadok.ru,перекуп,1,1
oral care,категорийный,Splat,rigla.ru,перекуп,1,1
oral care,категорийный,Splat,tomas.by,маркетплейс,1,1
oral care,категорийный,Splat,uteka.ru,перекуп,1,1
oral care,категорийный,Splat,www.kp.ru,обзор,1,1
oral care,категорийный,Splat,zdravcity.ru,перекуп,1,2
oral care,категорийный,Waterpik,dtf.ru,обзор,1,1
oral care,категорийный,Waterpik,dzen.ru,обзор,1,1
oral care,категорийный,Xiaomi,dtf.ru,обзор,2,2
oral care,категорийный,Xiaomi,dzen.ru,обзор,1,1
oral care,категорийный,Xiaomi,health.mail.ru,обзор,1,1
oral care,категорийный,Асепта,apteka.ru,перекуп,1,1
oral care,категорийный,Асепта,doctorslon.ru,обзор,1,1
oral care,категорийный,Асепта,gorzdrav.org,перекуп,1,1
oral care,категорийный,Асепта,health.mail.ru,обзор,1,1
oral care,категорийный,Асепта,kp.ru,обзор,1,1
oral care,категорийный,Асепта,market.yandex.ru,маркетплейс,1,1
oral care,категорийный,Асепта,ozon.ru,маркетплейс,1,1
oral care,категорийный,Асепта,planetazdorovo.ru,перекуп,1,1
oral care,категорийный,Асепта,stolichki.ru,перекуп,1,1
oral care,категорийный,Лесной бальзам,apteka.ru,перекуп,1,1
oral care,категорийный,Лесной бальзам,ozon.ru,маркетплейс,1,1
oral care,категорийный,Лесной бальзам,planetazdorovo.ru,перекуп,1,1
oral care,категорийный,Лесной бальзам,zdravcity.ru,перекуп,1,1
oral care,консультационный,Colgate,dentistpro.ru,экспертный ресурс,1,1
oral care,консультационный,Colgate,dtf.ru,обзор,1,1
oral care,консультационный,Colgate,health.mail.ru,обзор,1,1
oral care,консультационный,Colgate,zdravcity.ru,обзор,1,1
oral care,консультационный,Elmex,health.mail.ru,обзор,2,2
oral care,консультационный,Elmex,dentistpro.ru,экспертный ресурс,1,1
oral care,консультационный,Elmex,dtf.ru,обзор,1,1
oral care,консультационный,Elmex,stolichki.ru,обзор,1,1
oral care,консультационный,Elmex,stolichki.ru,перекуп,1,1
oral care,консультационный,Elmex,uteka.ru,экспертный ресурс,1,1
oral care,консультационный,Elmex,zdravcity.ru,обзор,1,1
oral care,консультационный,LACALUT,health.mail.ru,обзор,2,2
oral care,консультационный,LACALUT,24stoma.ru,экспертный ресурс,1,1
oral care,консультационный,LACALUT,dentistpro.ru,экспертный ресурс,1,1
oral care,консультационный,LACALUT,dtf.ru,обзор,1,1
oral care,консультационный,LACALUT,kp.ru,обзор,1,1
oral care,консультационный,LACALUT,zdravcity.ru,обзор,1,1
oral care,консультационный,Lacalut,kp.ru,обзор,2,2
oral care,консультационный,Lacalut,health.mail.ru,обзор,1,1
oral care,консультационный,Lacalut,hoff.ru,обзор,1,1
oral care,консультационный,Lacalut,zdravcity.ru,перекуп,1,1
oral care,консультационный,PresiDENT,health.mail.ru,обзор,2,2
oral care,консультационный,PresiDENT,24stoma.ru,экспертный ресурс,1,1
oral care,консультационный,PresiDENT,kp.ru,обзор,1,1
oral care,консультационный,PresiDENT,stolichki.ru,перекуп,1,1
oral care,консультационный,PresiDENT,uteka.ru,экспертный ресурс,1,1
oral care,консультационный,PresiDent,health.mail.ru,обзор,1,1
oral care,консультационный,PresiDent,kp.ru,обзор,1,1
oral care,консультационный,R.O.C.S.,kp.ru,обзор,3,4
oral care,консультационный,R.O.C.S.,byrdie.com,обзор,1,1
oral care,консультационный,R.O.C.S.,health.mail.ru,обзор,1,1
oral care,консультационный,R.O.C.S.,vc.ru,обзор,1,1
oral care,консультационный,R.O.C.S.,zdravcity.ru,перекуп,1,1
oral care,консультационный,SPLAT,health.mail.ru,обзор,1,1
oral care,консультационный,SPLAT,stolichki.ru,перекуп,1,1
oral care,консультационный,SPLAT,uteka.ru,экспертный ресурс,1,1
oral care,консультационный,Sensodyne,kp.ru,обзор,3,4
oral care,консультационный,Sensodyne,byrdie.com,обзор,1,1
oral care,консультационный,Sensodyne,health.mail.ru,обзор,1,1
oral care,консультационный,Sensodyne,vc.ru,обзор,1,1
oral care,консультационный,Sensodyne,zdravcity.ru,перекуп,1,1
oral care,консультационный,Splat,kp.ru,обзор,2,3
oral care,консультационный,Splat,byrdie.com,обзор,1,1
oral care,консультационный,Splat,health.mail.ru,обзор,1,1
oral care,консультационный,Splat,vc.ru,обзор,1,1
oral care,сравнительный,Acleon,megapteka.ru,перекуп,1,1
oral care,сравнительный,Acleon,tehnobzor.ru,обзор,1,1
oral care,сравнительный,Acleon,www.kp.ru,обзор,1,1
oral care,сравнительный,B.Well,health.mail.ru,обзор,1,1
oral care,сравнительный,B.Well,ozon.ru,маркетплейс,1,1
oral care,сравнительный,B.Well,tehnobzor.ru,обзор,1,1
oral care,сравнительный,CS Medica,health.mail.ru,обзор,1,1
oral care,сравнительный,CS Medica,ozon.ru,маркетплейс,1,1
oral care,сравнительный,CS Medica,tehnobzor.ru,обзор,1,1
oral care,сравнительный,GEZON,doctorslon.ru,экспертный ресурс,1,1
oral care,сравнительный,GEZON,dtf.ru,обзор,1,1
oral care,сравнительный,GEZON,vc.ru,обзор,1,1
oral care,сравнительный,Philips,doctorslon.ru,экспертный ресурс,1,1
oral care,сравнительный,Philips,dtf.ru,обзор,1,1
oral care,сравнительный,Philips,markakachestva.ru,обзор,1,1
oral care,сравнительный,Philips,techradar.com,обзор,1,1
oral care,сравнительный,Philips,vc.ru,обзор,1,1
oral care,сравнительный,Polaris,health.mail.ru,обзор,1,1
oral care,сравнительный,Polaris,ozon.ru,маркетплейс,1,1
oral care,сравнительный,Polaris,tehnobzor.ru,обзор,1,1
oral care,сравнительный,Revyline,doctorslon.ru,экспертный ресурс,1,1
oral care,сравнительный,Revyline,dtf.ru,обзор,1,1
oral care,сравнительный,Revyline,mvideo.ru,обзор,1,1
oral care,сравнительный,Revyline,ozon.ru,маркетплейс,1,2
oral care,сравнительный,Revyline,reviews.yandex.ru,обзор,1,3
oral care,сравнительный,Revyline,vc.ru,обзор,1,1
oral care,сравнительный,Splat,dtf.ru,обзор,1,1
oral care,сравнительный,Splat,health.mail.ru,экспертный ресурс,1,1
oral care,сравнительный,Splat,www.kp.ru,обзор,1,1
oral care,сравнительный,Xiaomi,goodmi.ru,обзор,1,1
oral care,сравнительный,Xiaomi,markakachestva.ru,обзор,1,1
oral care,сравнительный,Xiaomi,megapteka.ru,перекуп,1,1
oral care,сравнительный,Xiaomi,tehnobzor.ru,обзор,1,1
oral care,сравнительный,Xiaomi,www.kp.ru,обзор,1,1
